actual,predicted
mathe ist schwer,ist ist noch
ich bin wieder pleite,ich bin in so
ich werde nicht versagen,ich werde nicht lesen
ich brauche mehr zeit,ich brauche mir zeit
tom strickt,tom hat entschieden
essen wir zu mittag,lass uns in
tom hat gegessen,tom stand
gib mir die seife,gib mir die hände
"steh auf, tom",tom wich zurück
sie gab geld,sie hat geld
war tom lustig,war tom heiß
was kommt als nächstes,was ist ist nun ein weh
"hallo, tom",hallo hallo
sie wachte auf,sie liebt auf
tom sollte laufen,tom wird laufen
was ist deine motivation,was hast du gefehlt
komm zu uns,komm uns
der brunnen ist trocken,das ist ist aus
er sieht blass aus,er sieht gelangweilt aus
ich bin völlig erschöpft,ich bin ganz ohr
tom stöhnte nur,tom ist gerade geniest
zähl bis zehn,geh mit mit zu
ich lerne es nie,ich werde nie
mein vater ist nicht zuhause,mein ist ist
ich halte einen hund,ich brauche einen hund
die leute werden darüber reden,niemand wird los
ich werde es mir ansehen,ich werde es erwähnen
einen kaffee bitte,zieh sie lauter
ich kann die kälte nicht ausstehen,ich hasse sie hunde
tom ist aufrichtig,tom ist aufrichtig
was wirst du tun,woher machen du
tom gab nicht auf,tom hat nicht gewonnen
"komm, setz dich",komm und dir dir dir
wir müssen tom helfen,wir müssen tom helfen
"versuche, nicht in panik auszubrechen",bist du zu zu zu
tom fehlt,tom hat
"tu es nicht, tom",mach es nicht tom
ich werde es dir nicht sagen,ich werde es es nicht
"komm, mach mit",komm und hilf
ich habe zweifel,ich habe einen
bleibe zuversichtlich,iss brennt
der ist gleich fertig,es ist einfach einfach
warum ist sie hier,warum sind sie hier
ich möchte einen salat,ich mag den den gern
er hat es verdient,er hat es verdient
er wurde sehr wütend,er wurde sehr frankreich
tom ist willig,tom ist ehrenhaft
er begann zu weinen,er fing sich zu weinen
ich glaube an gott,ich glaube zu an
das ist neu,das ist neu
ich hasse sie jetzt,ich hasse ich hier
wir sind seelenverwandt,wir sind ganz allein
tom sah beschäftigt aus,tom sah blass aus
tom hat nie geredet,tom hat sich nie gemacht
tom hat die arbeit gewechselt,tom sah sich
ich brauche beweise,ich brauche beweise
niemand brüllte,niemand fragte
ist tom lange geblieben,hat tom einen gegessen
tom scheint dumm zu sein,tom scheint zu zu sein
wer hat tom benachrichtigt,wer hat tom
tom ist nicht kleinlich,tom ist nicht aufgeführt
er ist maler,er ist detektiv
ich liebe dich wirklich,ich mag dich
es ist zu dunkel,es ist zu dunkel
sie haben hunger,sie haben mich aus
tom ist davongekommen,tom wurde weg
ich fand es lustig,ich fand es nicht finden
ich habe es tom versprochen,ich habe tom tom
es ist neu,es ist neu
das riecht gut,das duftet gut
ich bin arzt,ich bin ein
tom ist eine legende,tom ist eine rapper
tom war vorbereitet,tom ist verheiratet
"komm her, tom",komm herein
wir werden tom finden,wir werden tom tom
tom ist schüchtern,tom ist schüchtern
"geh, spiele mit tom",geh und tom
er raucht nicht,er ist nicht weg
ich kann nicht gehen,ich kann nicht singen
gehe auf dein zimmer,geh mir dieses zimmer
gib nicht an,nicht nicht
ich muss helfen,ich muss hilfe
es war zu spät,es war zu spät
ich liebe das meer,ich liebe das meer
ich habe das nicht gefunden,ich habe es nicht nicht
alle entkamen,alle
behalte einen kühlen kopf,zeichne ein
wir waren krank,wir waren krank
tom spielt klavier,tom verkauft
tom hat gewonnen,tom hat gewonnen
kann ich später bezahlen,kann ich jetzt gehen
tom scheint ehrlich zu sein,tom wirkt nicht sein
tom wurde still,tom wurde still
ich habe mir den finger gebrochen,ich habe meine zerbrochen
ich passte auf,ich habe nicht gemacht
das ist großartig,das ist großartig
sie lebt in der nähe,sie war in zu nähe nähe
du hast viel verpasst,du hast viel viel
es ist ein schöner tag,es ist ein sonniger tag
ich muss arbeiten,ich muss arbeiten
tom hat wieder gesprochen,tom kam sich
hast du geduscht,hast du dich
belästige tom nicht,störe tom nicht
er sieht glücklich aus,er scheint nicht zu aus
wir lügen alle,wir haben alle
wir sind sauber,wir sind gewinner
du bist mein held,du bist mein held
er hat sein spielzeug geworfen,er hat seine reue
tom sah wieder hin,tom sah sich aus
sie haben gewonnen,sie haben gewonnen
"he, du bist früh dran",hey du du bist
können sie sehen,kannst du fortfahren
er ist äthiopier,er ist süchtig
ich verstecke mich nicht,ich bin nicht nicht
ich will diese tasche,ich will meine tasche
ich hasse mein leben,ich hasse mir das
ist er japaner,ist er japaner
ich werde das tun,ich werde das
ich habe beweise,ich habe beweise
tom ist verwirrt,tom ist verwirrt
ich bin sicher,ich bin
ich liebe meinen vater,ich liebe mein vater
wir werden dort sein,wir werden dort hinkommen
wir gehen nach hause,wir gehen uns hause
"geh nicht, tom",geh nicht nicht
das ist langweilig,ich ist langweilig
sie wurde erwischt,sie wurde erwischt
er scheint ehrlich zu sein,er sieht nicht grausam
es ging schnell,es ist schnell
sie weigerten sich,sie setzten mich zu
sprich deutlich,sprich lauter
wir leben zusammen,wir wollen uns
er reist herum,er wurde super
er ist amerikaner,er ist amerikaner
ich habe es gelöst,ich habe es
tom bekam es mit der angst zu tun,tom hat es angst der tun
sie gehen,sie gehen
mehr habe ich nicht getan,das ist alles freier der
ich wäre beinahe gestorben,ich bin fast verrückt
wir waren verliebt,wir waren frieden
ich bin ein freier mann,ich bin ein guter mann
tom ist dick,tom ist dick
bleib ruhig,sei still
zu keiner menschenseele ein wort,mach mir nicht wie
mir geht es genauso,ich fühle mich vor
es tut tom weh,tom ist grotesk
wir haben regeln,wir haben bananen
ich kann es mir nicht leisten,ich kann es nicht
sie haben dich gesehen,sie haben dich gesehen
überprüfen sie ihre bestellung,bist du ein erschöpft
wir können bezahlen,wir können bleiben
ich mag samstage,ich mag gerne
am montag höre ich auf,ich fragte mit nach nach
es ist toms job,es ist toms schuld
wir alle brauchen liebe,wir brauchen alle brauchen
das ist echt schlimm,es ist wirklich schlecht
tom niest,tom ist
wir sehen uns dort,sie sehen sie
tom kommt,tom kommt
ich verspäte mich vielleicht,ich habe mich hause
du bist aber früh auf,du bist frisch verrückt
tom hat nicht recht,tom geht nicht nicht
tom hat wieder gewonnen,tom hat nichts belauscht
die dinge sind in ordnung,das wird gut gut ordnung
entscheide dich,nimm für eine
tom ist zu spät,tom ist zu
kein problem,das ist
ich habe gelogen,ich habe
du bist dumm,du bist dumm
tom ist jung,tom ist jung
sie ist mächtig,sie ist mächtig
er verlor seine arbeit,er hat den zum
es tut mir wirklich leid,ich tut mir leid leid
ich werde dort sein,ich werde da sein
tom ist vielschichtig,tom ist grotesk
das ist mir neu,es war mich mir
es ist zu niedrig,es ist zu kalt
so ist es,das ist recht
tom ist kanadier,tom ist kanadier
wir brauchen wasser,wir brauchen wasser
wir werden okay sein,wir werden uns ordnung
sie gingen weg,sie fuhren weg
wir wollen eins,wir wollen frieden
ich bin auch nervös,ich bin nicht kalt
es sterben menschen,die die sie
mir tut der arm weh,mir brust von hüfte
tom ging weiter auf und ab,tom gewann mit den
sprich langsamer,rede weiter
er ist neu in der stadt,er ist eine der tag
tom ist verwirrt,tom ist verwirrt
tom macht mir angst,tom hat mir angst
ist das ein problem,ist das ein lama
sie sind draußen,sie sind nicht draußen
tom ist besoffen,tom ist legendär
er ist im gefängnis,er ist student
tom vertraut mir,tom vertraut
männer sind doofköpfe,sind sind neugierig
"was, wenn ich nein sage",was sage ich ich ich
schau dort rein,schau dort da
die gehören mir,das gehört mir
du bist naiv,du bist launisch
an die arbeit,warte mal
tom war ein held,tom war ein held
alle tratschen,alle überlebten
tom war nicht verärgert,tom war nicht verärgert
du bist hier,du bist hier
er scheint verärgert zu sein,er scheint noch zu aus
sag bitte ja,bitte mich
ich liebe den herbst,ich liebe meine
tom braucht hilfe,tom liebt
ich kann schwimmen,ich kann schwimmen
"na gut, auf geht’s",lasst uns nicht gehen
ich schoss auf tom,ich habe tom
tom mag schach,tom verkauft autos
tom mag geld,tom mag geld
ich habe es nicht,ich habe es
es wird gut sein,es wird gut sein
tom war hier,tom war hier
tom arbeitet nachts,tom arbeitet mehr
ich hab’s im fernsehen gesehen,ich brachte es zum gesehen
kann ich einen bestellen,kann ich mitmachen
was hat tom aufgehalten,was mit mit mit
muss ich operiert werden,darf mag sie
sie hatten recht,sie haben auf
ich bin schon beschäftigt,ich bin meine faul
es läuft gut,es wird gut ordnung
er lächelte,ich lächelte
er ist noch am leben,er ist sich
tom ist wahnsinnig,tom ist nicht süß
du arbeitest für mich,du musst mich mir
tom war gesund,tom ist gesund
ich brauche mehr platz,ich brauche dieses buch
wie wäre es mit freitag,wie wäre es an
ich brauche umschläge,ich brauche beweise
er ließ eine vase fallen,er hat eine armbanduhr
gib mir eine sekunde,hol mein
tom ist jetzt auf,tom ist jetzt
ich kann ski fahren,ich kann fahren fahren
ich hasse boston,ich hasse mir
wir vergessen nie,wir werden tom
lass ab von tom,geh ihn tom tom
sie blieb still,sie wurde still
tom wirkte launisch,tom wirkte launisch
ich verstehe warum,jetzt gehe ich
ich kann sie nicht aufhalten,ich kann sie nicht aufhalten
er ist ein draufgänger,er ist eine
tom glaubt es,tom glaubt es
tut es hier weh,ist es hier
das hat mir gefallen,ich liebte das
das hat geholfen,das
ich tue mein bestes,ich habe mir in
ein auto fuhr vorbei,ein für ein
sind geister real,sind das echt
ich bin nicht müde,ich bin nicht müde
er läuft langsam,er mag funktionieren
finde einfach tom,sei tom tom tom
ich liebe meine stadt,ich liebe ein arzt
tom ist ein weichei,tom ist eine rapper
ich verstehe,ich verstehe es
tom war ganz reizend,tom war im reizend
siehst du eine rose,hast du eine pause
tom glaubte mir,tom hat mich mir
sei nicht dumm,sei kein nicht wie
die schule ist zu ende,die ist ist
tom wird anrufen,tom wird zuhören
tom sieht älter aus,tom sieht flott aus
wir müssen uns konzentrieren,wir müssen uns konzentrieren
mein mund war trocken,meine war ist leer
wer hat tom geschlagen,wer hat tom gesehen
er kümmert sich um uns,er sieht mich gut
tom hat mehrere möglichkeiten,tom hat probleme
wir werden fahren,wir gehen fahren
bist du klein,bist du klein
das ist einfach,das ist einfach
danke trotzdem,mach vielen
tom ist unser sohn,tom ist mein sohn
such weiter,katzen verboten
ich bin am telefon,ich bin im ohr
japan liegt in asien,hier sind sind im
ist das mein becher,ist das dein mutter
er ist acht,er ist verrückt
tom hat dich vermisst,sie hat dich
tom ist nicht dünn,tom ist nicht
tom liebt tulpen,tom liebt musik
du hast ihm weh getan,du hast ihn angerufen
niemand wird's erfahren,niemand wird es
wir sangen für sie,wir sangen uns einen
tom redet,tom packt zu
sie warteten,sie warteten
der platz ist frei,das ist er
er saß neben mir,er ist mich zu zu zu
ich hasse ihn nicht,ich werde ihn nicht
ich komme zurück,ich werde zurück
ist das nicht offensichtlich,ist das nicht
tom ist ordentlich,tom ist ordentlich
er ist engländer,er ist wichtig
ich fing an zu weinen,ich fing mit zu weinen
ich rastete,ich
heb einen donut für mich auf,jetzt mir ein ein
tom ist schnell,tom ist schnell
tom und ich haben uns getrennt,tom und mir ein
kannst du tango tanzen,kannst du nicht
komm und hol es dir,komm schon schon
spring runter,danke
ich hab tom aufgegeben,ich werde tom tom
hatte tom angst,hatte tom angst
sie riecht übel,sie kam übel
er war sehr arm,er war sehr arm
ich will zu meiner mama,ich will meine mutter
ich weigere mich,ich fühle mich
tom ist nicht verrückt,tom ist keine schuldig
er ist davongekommen,er wurde weg
sei glücklich für mich,komm mit nach nach
wir werden sehen,wir werden anrufen
das ist eine fälschung,das ist eine fälschung
ich kenne den jungen,ich weiß den den
unsere kinder hassen uns,alle hieß tom angelogen
tom war unglücklich,tom war beleidigt
tom blieb still,tom blieb ruhig
das buch ist alt,das buch ist alt
du wirst glücklich sein,du wirst nie sein
ich mache mit,ich mache dich
geschäft ist geschäft,ihre sind ist offen
tom schläft,tom schläft
tom rettete maria,tom hat mary
tom ist hellseher,tom ist rabbi
er ist senil geworden,er ist kalt
tom wird uns helfen,tom wird uns retten
tom ist beleidigend,tom ist fanatisch
ich habe viel geschlafen,ich habe viel
ich habe eine idee,ich habe eine liste
es wird heiß,es ist heiß
er ist krank,er ist krank
tom spielte weiter,tom wurde weiter
ich bin der nächste,ich bin früh tagträumen
er ist zu alt,er ist zu alt
tom scheint angespannt zu sein,tom scheint naiv sein
"er hasst es, zu rennen",er langsamer weiter
tom ist hier,tom ist pünktlich
ich bin auch glücklich,ich bin sehr glücklich
wie kalt ist es,wie ist es es
sie sind okay,es geht nicht gut
tom ist diabetiker,tom ist diabetiker
tom kennt mich,tom kennt mich
was habe ich verpasst,was ist er beruflich
ich mag englisch,ich liebe englisch
bleib zu hause,sei mit zu hause
was für ein durcheinander,was für ein überraschung
tom ging schnell weg,tom sah schnell aus
mit wem spreche ich,wer spricht
wer ist sie,wer ist sie
ich bin hier drin,ich bin hier hier
tom zündete das feuer an,tom trank die frau
ich schäme mich,ich bin mich
kann ich auch mal sehen,kann ich jetzt gehen
wir vergeben ihm,wir haben uns angerufen
wir haben es geschafft,wir haben es geschafft
tom sucht einen job,tom will eine arbeit
tom drückt sich vage aus,tom ist sich draußen
ich brauche ein handtuch,ich brauche ein taschentuch
er kann nicht singen,er kann nicht singen
wen hat tom geküsst,wer hat tom tom gesehen
ich bin darüber hinweg,ich bin es
ich bin nicht gemein,ich bin nicht nicht gemein
wer hört zu,wer lügt zu
tom kann nicht arbeiten,tom kann nicht lesen
tom ist ein großer mann,tom ist ein böser junge
tom liegt falsch,tom hat es getan
wir haben tom gefunden,wir haben tom gefunden
er hatte graues haar,er hatte viel
tom wurde verletzt,tom wurde verletzt
tom war verliebt,tom war betrübt
er hat zwölf söhne,er hat offenbar augen
tom war allein,tom war alleine
wie scharfsinnig,wie wird
es ist im brunnen,es ist es ordnung
es ist samstag,es ist skurril
so helfe mir doch jemand,er hat mich
tom sah verletzt aus,tom sah sich aus
hast du unterschrieben,bist du erschöpft
tom ist neu hier,tom ist hier hier
hat tom es geschafft,hat tom das getan
überprüfen sie alle,alle haben verschlafen
er ist sehr schnell,er ist schnell schnell
ich bin ein langschläfer,ich bin ein ein zug
ich bin toms nichte,ich bin toms tante
bin ich hier sicher,bin ich bin in in
tom hat uns gefunden,tom hat uns davor
sie starb an tuberkulose,sie starb zu tuberkulose
ich nehme ein taxi,ich bin ein bier
sind sie tot,sind sie tot
ist tom im ruhestand,ist tom in zu zu
ich bin ein koch,ich bin ein
sie besuchten uns,sie haben uns
tom ist sympathisch,tom ist grotesk
es ist ein gutes geschäft,das ist ist voll
tom freut sich,tom ist wichtig
sie standen,sie standen
sei nicht sauer,sei nicht nicht sauer
ich bin schlecht,ich bin mich
sie waren hungrig,sie waren wütend
man nennt mich tom,sie nennen ihn an
ich habe halsschmerzen,die schmerzt der zahn weh
ich glaubte an tom,ich habe tom tom
setz dich zu mir,setz dich mich
tom mag blues,tom mag gerne
tom arbeitet für mich,tom braucht mir mir
das ist nicht wahr,es ist nicht wahr
ich bin nicht frei,ich bin nicht hier
tom fühlte sich gehasst,tom fühlte sich sich an
hol deine sachen,mach deine fenster
tom ist stark,tom ist stark
tom ist unserer gast,tom ist kein
wie anstrengend,wie wird
so etwas passiert nun mal,das dinge sich
tom mag das,tom mag das
tom ist nicht arm,tom ist nicht arm
es wird besser,es tut besser
ich habe es eilig,ich bin eine einer
das ist zu schnell,das ist zu schnell
es war von tom,es war völlig tom
ich würde es tun,ich würde es
ich bin zu hause unterrichtet worden,ich bin gestresst
wir werden erfolgreich sein,wir werden erfolgreich sein
es funktioniert nicht,es funktioniert nicht
was meint tom,warum ist tom zu
wollen wir’s mal versuchen,wir wir es es
tom ist mir noch etwas schuldig,tom ist mir ein
tom wurde ermordet,tom war verrückt
sie werden kommen,sie werden sterben
ich werde nachsehen,ich werde reingehen
ich machte eine faust,ich habe tagebuch
was war darin,was ist ist
gefällt es dir nicht,kannst du nicht nicht
was für ein riesiger hund,was für einen süßes
tom ließ sich einen bart wachsen,tom trägt einen
das ist ein turm,das ist eine abkürzung
kann das noch warten,kann das das
es sind alle tot,ist ist tot
tom sollte gewinnen,tom hoffte gewinnen
tom fühlt sich verletzt,tom drehte sich
er kam etwa um zwei,er fing an 100
ich lese bücher,ich liebe bücher
frag mich das nicht,frag mich nicht
tom half wieder,tom hat uns
hat tom gesungen,hat tom geweint
gib mir ein bier,gib mir ein bier
"eine cola, bitte",was mal die an
bist du höflich,bist ihr kompetent
tom wird sich verspäten,tom wird zu sein
warte mal kurz,fege mal
ich wünsche ihnen noch einen wunderschönen tag,nimm kam ein tag tag tag
tom schaute nach vorn,tom sah schnell
tom war abwesend,tom war da
tom fehlt,tom hat
boote können untergehen,kann es kommen
ich habe viel gelernt,ich habe viel
tom ist unbeweglich,tom ist defensiv
unser plan ist aufgegangen,die schuss einen einen verloren
es ist inkorrekt,es ist skurril
ich liebe puzzles,ich liebe nachts
tom ist ein freund,tom ist ein freund
ich belohnte tom,ich habe tom
dies ist mein plan,das ist mein plan
tom scheint fair zu sein,tom scheint jung sein
das war riskant,das ist geld
ich habe ein ei,ich habe ein geräusch
ich will das geld zurück haben,ich will eine hundewelpen
wie war das mittagessen,wie war geld
"fisch, bitte",bitte bitte
ich habe dreizehn katzen,ich habe nie
es ist schwierig,es ist schön
ich werde nicht sterben,ich werde nicht sterben
ich genieße es,ich bin es
wir werden nicht versagen,wir werden nicht fertig
iss was,bleib mal
sie sind hässlich,sie sind hässlich
tom half sehr,tom flucht viel
tom sieht nüchtern aus,tom sieht furchtbar aus
ich habe eine schwester,ich habe ein theorie
wer hat das geschrieben,wer hat das
es geht mir gut,mir fühle mich gut gut
wir wollen dich hier haben,wir wollen wir hier
tom liest viel,tom flucht viel
wir gehen jetzt,wir gehen jetzt gehen
ich habe meine sachen,ich habe meine tasche
"ich sagte, es geht mir gut",ich habe es ich ich sage
ich bin sicher,ich bin in sicher
es ist nicht kalt,es ist nicht kalt
ich kochte spaghetti,ich habe keine gemacht
sie liebt tom,sie liebt sie
tom fühlte sich besser,tom schämte sich sich
wir waren so stolz,wir waren ein beschäftigt
"ich weiß, dass du das weißt",ich weiß dass das
tom hat keine angst,tom hat es nicht zu
ich werde nie aufhören,ich werde nie aufhören
zum wohl,
ich werde tom helfen,ich werde tom helfen
komm da raus,komm wieder rein
ich nehme es an,ich bin brav
ich brauche einen plan,ich brauche einen plan
tom ist glücklich,tom ist glücklich
sie sind studenten,das sind dummköpfe
tom hat mich verlassen,tom hat mich mich
wir werden tom beobachten,wir werden tom nie
tom ist schneller,tom ist gesprächig
ich liebe tee,ich liebe tee
tom ist widerspenstig,tom ist defensiv
wir sind feinde,wir sind verwandte
ich bin hochzufrieden,ich bin hochzufrieden
er wird bald kommen,er wird bald dort
tom ist jetzt ruhig,tom ist jetzt weit
ist das für mich,ist das für mich
"pass auf, tom",sei vorsichtig tom
komm hier raus,komm her
tom ist ein mann,tom ist ein hochstapler
meine katze ist schwarz,meine katze ist blau
wir sehen uns um 230 uhr,du sehen dich sorgen
tom war eifersüchtig,tom war eifersüchtig
das hier muss aufhören,das muss sein
tom war ein freund,tom war starke anwalt
ich habe nesselsucht,ich habe beweise
vergrabe es,es
gib tom deine stimme,vergiss tom
ich werde für dich zahlen,ich werde dich nie
tom ist sehr offen,tom ist sehr weise
tom redete auch,tom hat dich ohnmacht gemacht
ich bin hier draußen,ich bin hier hier
schalte den fernseher an,warte den pflicht
tom lügt immer,tom gewinnt schnell
das bin ich,das ist mich
ich bin neu,ich bin groß
ich kann kochen,ich kann schwimmen
das leben geht weiter,das leben ist ist
er ist noch nicht hier,er ist nicht nicht hier
"ich will, dass wir gewinnen",ich muss zu gewinnen gewinnen
tom wird schwächer,tom ist gesprächig
ich habe bargeld,ich habe bananen
was habe ich,was gehe ich
tom hasste mary,tom hasste das maria
siehst du mich nicht,verstehst du mich nicht
jetzt repariere das,jetzt bin mir
uns geht es gut hier,hier sind es nicht fertig
tom braucht uns,tom liebt uns
sie kommen schon klar,sie können schon
tom hat geholfen,tom brauchte
kannst du sie finden,kannst du es können
machen wir es auf,belassen wir es
wie reich sind sie,wie bist bist bist
die sind großartig,das sind großartig
jetzt bin ich verwirrt,ich bin jetzt
tom war nicht nett,tom war nicht brav
komm sofort zurück,nimm nach nach
sonst noch etwas,mach mal ist
wir haben eier gegessen,wir haben lernen
mir war so kalt,ich war sehr kalt
ich lief weiter,ich verabscheue weiter
war das tom,ist es tom
darf ich mir einen hund anschaffen,kann ich einen bissen tüte
das ist nicht billig,das ist nicht blut
tom ist unschlüssig,tom ist legendär
wir sind eine familie,wir sind ein ein
was ist dies für ein raum,wie ist das
du bist süß,du bist verrückt
tom ist groß,tom ist groß
tom klang verrückt,tom klang wütend
tom kann sich nicht entscheiden,tom kann nicht antworten
ich habe auch hunger,ich habe gerade hunger
das war gemein,das ist gemein
tom hatte erfolg,tom war es
tom war nicht am leben,tom wurde nicht
du wirst tom sehen,du wirst tom treffen
das ist mein plan,das ist mein plan
tom kann nicht aufhören,tom kann nicht kochen
mach mich glücklich,bring mich nach aus
tom wurde alarmiert,tom war treulos
was für ein heuchler,was für ein überraschung
"hör auf, mich zu begrabbeln",hör dich zu
wer lacht,wer lügt
tom war unnachgiebig,tom war treulos
tom ist ein chaot,tom ist eine rapper
das gehört tom,das ist tom
das wird denen egal sein,sie werden es nicht
hast du eine glatze,bist du ein ein
ich bin verletzt,ich bin brüder
ich werde allein arbeiten,ich werde allein
tom ist sehr schnell,tom ist sehr laut
sing nicht,nicht nicht
tom rief mary an,tom hat mary
es glänzt,es ist unsers
ich war mit tom einer meinung,ich bin gerade tom tom
das ist veraltet,es ist wunderbar
ruhe dich jetzt ein wenig aus,komm mit jetzt zu
es war real,es war war
tom ist im bett gestorben,tom starb ins bett
tom sah jemanden,tom sah jemanden gesehen
tom stand wie erstarrt da,tom stand
tom hat es geschafft,tom hat es
lass ihn kommen,geh sie da
tom ist sehr groß,tom ist sehr groß
tom hat gearbeitet,tom stand
ich habe eine pizza mitgebracht,ich habe eine einen gekauft
du hast mir gefehlt,ich habe dich gefehlt
kann ich mir 30 dollar leihen,darf ich ich bissen
ich habe es vergessen,ich weiß es versucht
tom war sanft,tom war treulos
alle schauten,alle sterben
ich bin schon reich,ich bin so reich
das gehört mir,das ist
ich wurde hier geboren,ich bin mir so
das ist toms stimme,es ist toms schuld
tom scheint stoisch zu sein,tom scheint kein zu sein
ich bin auf diät,ich bin eine liste
sind sie rechtsanwalt,bist du einen
er ist nicht da,er ist nicht da
wir können das versuchen,wir können das versuchen
ich bin dj,ich bin oft
darf ich dich küssen,kann ich dich benutzen
sag das nochmal,sag es dir an
die katze ist braun,die katze ist schmerzen
du hast eine stunde,du bist eine größte
wir sind nicht verrückt,wir sind nicht zu
warum ist tom hier,warum ist tom tom
ich wette nie,ich habe den ahnung
du fehlst mir auch,es fand es auch
ich kann fliegen,ich kann französisch
es hat sich verbessert,es ist skurril
tom ist unreif,tom ist grotesk
wer ist verwirrt,wer ist verwirrt
tom hat es aufgenommen,tom hat es gerochen
"frag mich nicht, warum",lass mich nicht zu
tom ist ungelenk,tom ist fanatisch
ich weiß es jetzt,ich weiß jetzt
tom blieb still,tom zieht das der nähe
männer sollten arbeiten,wir arbeiten musik
es ist dieses buch,das ist das buch
ich beriet mich mit tom,ich habe tom
ich bin einsam,ich bin einsam
ich bin sehr bescheiden,ich bin sehr ohr
er kam,er sprach
ich hatte frei,ich habe keine viel
wie ging es aus,wie ist es
ich gab tom den laufpass,ich habe tom
tom wurde erregt,tom wurde aufgeregt
wer ist als nächster an der reihe,wer ist als nächstes dran
ich kann nicht rauchen,ich kann nicht nicht
niemand ist dort,es ist da da
hunde können schwimmen,können tom schwimmen
ich kann kein fleisch essen,ich kann nicht schwimmen
er lachte über mich,er hat mich angelogen
tom kann gut singen,tom ist gut
tom ist ein narr,tom ist ein engel
wir werden tom stoppen,wir werden tom treffen
na und,was
tom hat das bestritten,tom hat das bestritten
sie sind hier drin,sie sind hier hier
ich habe eine frau,ich habe eine zwilling
sie starrte mich an,sie setzten mich mich
tom ist ausgeruht,tom lächelt
tom sieht gut aus,tom sieht gut aus
schau dir diese da an,schau dir die an
tom kam näher,tom sieht sich
tom ist sympathisch,tom ist legendär
tom ist kraftvoll,tom ist gesprächig
ich habe meine frau verlassen,ich habe keine füße
eure stadt gefällt mir,ich mag gern
ich kann dir nicht trauen,ich kann nicht nicht nicht
tom rennt,tom ging
sollen wir tanzen,können wir tanzen
ich habe ihm das herz gebrochen,ich habe dass den namen
tom wird nicht beißen,tom wird nicht gewinnen
es klart auf,es ist auf
er lebt in osaka,er war sehr frankreich
tom ist obszön,tom ist defensiv
ich mag astrologie,ich mag gerne
ich mag kuchen,ich mag fußball
lasst uns üben,lasst uns
tom hat gut gewählt,tom scheint es okay ordnung
war tom wütend,ist tom gutaussehend
"wir sind beschäftigt, tom",wir sind uns uns
vögel fliegen,vögel weinen
tom ist ein hohes tier,tom ist eine rapper
wer fehlt,wer hat eins
ein hund bellt,der hund ist voll
tom ist angewidert,tom ist defensiv
tom sieht schläfrig aus,tom sieht flott aus
tom ging essen,tom hat angerufen
bin ich entlassen,bin ich verliebt
ihr müsst nach hause gehen,du musst uns gut
der bus ist langsam,der hund ist ist
sie raucht viel,sie viel viel
er gab auf,er gab auf
tom ist versucht,tom ist versucht
jetzt bin ich wütend,jetzt bin ich wütend
ist dein name tom,ist der tom tom
"tom fragte, warum",tom hat okay
sie ist sehr beschäftigt,sie ist sehr beschäftigt
denk noch mal nach,denk tom danken
wir sind analphabeten,wir sind verwandte
kann tom auch kommen,kann tom auch schwimmen
er ist kein idiot,er ist kein mitglied
tom war verzweifelt,tom war schlau
tom sah geistreich aus,tom sah sich aus
ich bin um 630 uhr aufgestanden,ich habe die 6 die 30
ich habe dich gehört,ich habe dich
das ist echt schade,das ist zu schlecht
ich will einen stuhl,ich will eine gehaltserhöhung
"steh auf, tom",hol tom
ich mag boston,ich mag boston
hör auf zu glotzen,hör auf zu
ich bin verblüfft,ich bin gestresst
er fällt,er träumt
du bist brav,du bist gut
tom war vernünftig,tom ist vernünftig
tom geht es gut,tom geht es gut
"ich hoffe, du stirbst",ich könnte sie sterben
tom hat angst,tom hat das versprochen
wo ist mein telefon,wo ist mein terminkalender
es ist wahr,es ist
"ich schätze, wir könnten",ich weiß dass dass
tom schlurfte davon,tom drehte alleine
ich fahre oft ski,ich sehe einen brief
tom ist sauer auf mich,tom ist gerade zu hause
wir haben schon gegessen,wir haben alle gegessen
wie ist die lage,wie ist es
maria ist groß,maria ist groß
er kam wohlbehalten an,er kam früh
rutsch mal,bleibt
was war nicht einfach,er ist nicht süß
ich bin toms mutter,ich bin toms mutter
tom ist schon gegangen,tom tom nicht gegangen
du kannst es schaffen,du kannst es machen
frauen hassen mich,sie setzten mich
darf ich hier bleiben,kann ich hier
ich verabscheue spinnen,ich hasse spinnen
es ist sehr neu,es ist sehr klein
wie geht es deiner familie,wie geht es deinem knie
es ist jetzt kalt,es ist jetzt heiß
wir sind sehr schnell,wir sind sehr schnell
du zuerst,du solltest sie
woran liegt das,was ist das
wir sind nervös,wir sind nervös
teilen wir uns auf,lasst wir
niemand mag krieg,niemand mag die
niemand wurde verletzt,es war niemand
tom versteht,tom hat verschlafen
tom starb als held,tom ist ein held
ich bin jetzt so weit,jetzt bin jetzt jetzt
wir hatten unseren spaß,wir haben spaß
du musst das tun,du musst es machen
kann irgendjemand fahren,kann kann komisch
du fängst an,du bist
das wird schön werden,das wird großartig
tom ist dort draußen,tom ist da oben
dreh es auf,verlass es
du lügst,du lügst
tom ist priester,tom ist eine rapper
tom ist obsessiv,tom ist fanatisch
mache dich bereit zu sterben,fliegen auf weg
ist tom da drin,ist tom da
ich liebe mein leben,ich liebe das leben
tom blieb stumm,tom ging
tom ist unaufrichtig,tom ist grotesk
kann ich mich auf dich verlassen,darf ich ich mit dich an
er ist ein gesetzloser,er ist ein samurai
was für ein kluges kerlchen,was für ein großer
ich saß neben ihr,ich sehe sie auf
uns ist kalt,wir sind kalt
das klingt prima,es klingt verwirrt
ich bin gerade fertig geworden,ich bin nicht fertig
er ging zurück nach hause,er ging nach hause
tom hat durchgedreht,tom verließ boston
niemand war am leben,es war
bist du sportlich,bist du schnell
lass uns weitermachen,lasst uns uns beeilen
tom ist nicht verloren,tom hat nicht zu
ich bin mit meinem hund spazieren gegangen,ich habe einen hund
tom scheint angst zu haben,tom scheint sich zu sein
ich liebe brot,ich liebe brot
rühr die suppe um,mach die fenster
was haben wir,was sind los
wie langweilig,wie schrecklich
ich hasse karaoke,ich hasse halloween
komm nach draußen spielen,komm und etwas etwas
lass es mich versuchen,lass es es es
er hat es selbst gemacht,er hat sich sich gemacht
das war zauberhaft,es war gut
sie ist unschuldig,sie ist unschuldig
das ist aufregend,das ist
sie sind hübsch,sie sind hübsch
bleiben wir doch hier,lasst wir hier
er ist zierlich,er ist elegant
das ist freiwillig,es ist wunderbar
wie langweilig,was für ein überraschung
der zug ist abgefahren,das ist ist wahr
wir können warten,wir können warten
wo ist mein geld,wo ist mein geld
tom zoomte raus,tom drehte ruhig
tom kennt pistolen,tom kennt menschenkenntnis
ich weine selten,ich weine selten
ich werde leben,ich werde gehen
was für ein gedanke,was für ein überraschung
es ist zu hause,es ist zu hause
sie haben tom entdeckt,sie haben tom
das ist ein schreibtisch,das ist ein tisch
tom scheint ruhig zu sein,tom scheint sich zu sein
er schlief eine stunde,er hat eine maus stifte
was fehlt,was fehlt
du schienst gelangweilt,sie schien so zu
tom sprang zurück,tom sieht sich zurück
die wirklichkeit ist beängstigend,ist ist macht weh
du bist nicht verrückt,du bist nicht verrückt
es ist hoffnungslos,das ist familie
tom mag maria,tom mag maria
tom ertrank,tom hungerte
was ist da drinnen,was ist da drin
sie werden tom finden,sie werden tom finden
tom flieht,tom ist in zu zu
gib mir einen tag,gib mir ein paar paar
ich mag tom nicht,ich kann tom nicht
er muss müde sein,er war zu sein
"guck mal, die katze",schau dir die an an
tom sah es nie,tom hat es nie lassen
gib mir bitte das salz rüber,gib mir eine werkzeugkiste
wessen buch ist das,was ist ist
ich bin wirklich beschäftigt,ich bin sehr beschäftigt
er weinte,er weinte
"ich hoffe, dass tom es weiß",ich weiß dass tom wissen wissen
"ich wette, es war tom",ich fand es es es
"sie wissen, dass ich es weiß",sie wissen das das wissen
tom wurde betrogen,tom war zäh
wirf den ball,mach dein zu aus
alle kannten tom,jeder tom tom
lass es gut sein,lass sie nach ruhe
ich habe nicht so viel glück,ich bin kein zu
hier ist die rechnung,hier ist der der
du wirst es tun,du wirst es tun
ist tom ertrunken,ist tom infiziert
du bist neu hier,du bist meine hier
ein auto kommt,was viel viel
bleib dran,sprich es
ich spiele schlagzeug,ich liebe die
tom fällt nie hin,tom wurde nie nie
mit wem ist tom beisammen,wer ist ist heiß
ich komme mit dem auto,ich werde zu zu auto
tom trainiert,tom ist gesprächig
ich bin auch hier,ich bin jetzt hier
tom war früh dran,tom war früh
das ist dein schlüssel,das ist der schlüssel
ich bin so verwirrt,ich bin so so
wer hat tom geküsst,wer hat tom gefunden
tom wird nicht kommen,tom wird nicht kommen
ich werde kommen,ich werde kommen
ich brauche eine briefmarke,ich brauche eine umarmung
ich bin zuverlässig,ich bin mich
"komm schon, tom",komm herein tom
diesmal haben wir gewonnen,du hund ist tom
hier ist das wechselgeld,hier ist es der
ich habe ein messer,ich habe ein messer
tom hat einen hut gekauft,tom kaufte einen hut
ich bin besser,ich bin besser
tom ist reformiert,tom ist legendär
wie viel bin ich schuldig,wie wäre ich ich einem spaziergang
tom kam vorbei,tom kam sich
er hat alles aufgegessen,er hat diesbezüglich verpetzt
ich bin alleinerziehende mutter,ich bin hockeyfan ohr
hast du sie,hast du sie
sie vertrauten tom,sie liebten sie
für mich ist schwimmen ein spaß,ich hasse mich freude
tom blieb über nacht,tom blieb zustimmen
ich habe mit dem rauchen aufgehört,ich sehe mit dem
ich ging nach hause,ich bin nach hause
ich nehme vitamine,ich hasse mich
ich stehe um sechs auf,ich gehe um 6 auf
tom wurde gefangen genommen,tom wurde witze
mir ging der sprit aus,ich kam reis aus
entschuldige dich nicht,misch dich nicht zu
er hat gekündigt,er ist eingeladen
du schmeichelst mir,du hast mich verraten
tom hat uns verraten,tom hat uns belauscht
es ist jetzt vorbei,jetzt bin ich ich
er verlor ein buch,er hat ein ein verloren
ich habe ein visum,ich habe eine bruder
ist es gut,ist es gut
"komm, hilf mir",komm mit
tom ist koch,tom ist mein
es ist nicht tom,es ist nicht tom
tom ist der boss,sie ist mein schwester
war das ein nein,ist es ein lama
rufen sie einen arzt,mach den
kann ich essen,kann ich mitmachen
tom erschreckt sich leicht,tom ist nicht nett
ich höre das telefon,ich trinke den 100
ich sehe ihn oft,ich sehe den jungen
ich habe ein tor geschossen,ich habe eine toaster
ich wollte das,das will es
komm schon,komm herauf
tom ist nicht wählerisch,tom ist nicht pingelig
tom ist mein junge,tom ist mein auto
ich hasse krankenhäuser,ich hasse halloween
ich bin dankbar,ich bin skeptisch
wir haben sie gesehen,wir haben sie gesehen
ich muss mich verstecken,ich muss das
mein fernseher ist kaputt,meine taxi ist
tom ist unschuldig,tom ist unschuldig
sie liebt katzen,sie auf auf auf
das ist ja seltsam,es ist
sie sind besonders,sie sind sind
ich stehe in deiner schuld,ich bin jetzt deiner erkältung
die leute mögen tom,frauen menschen tom
nimm tom rein,lass tom nach
ich habe arbeit gefunden,ich habe eine tasche
ist das süß,ist das süß
legen sie sich auf die liege,lass sie die
tom stand auf,tom stand auf
tom war hinterhältig,tom war unhöflich
ich hasse rätsel,ich hasse halloween
tom ist gewalttätig,tom ist gewalttätig
ich bestreite das,ich habe mir
ein mädchen rief mich an,mir sehe mich einen
nur tom lächelte,halt tom weg
tom sieht schwächer aus,tom sieht flott aus
ich habe einen tag frei genommen,ich habe mich ein habe habe
ich habe genug gesehen,ich habe schnell
gib mir rückendeckung,sieh dir meine an
tom fand maria,tom hat mary
ich werde bleiben,ich werde bleiben
das hat keine eile,es ist keinen kalt
sei nicht knausrig,sei nicht nicht
ignorier es einfach,bleib einfach nicht
er macht es gut,er ist uns recht
wie tief,wie enttäuschend
was für ein heißer tag,was ist ein einem tag
folter ist unrecht,ist ist nicht
tom hat uns geliebt,tom vertraute uns
ich liebe diesen,ich liebe dieses
du hast uns erschreckt,du hast uns gerettet
ich bin sehr wohlhabend,ich bin sehr reich
ich habe tom nicht gehorcht,ich habe tom nicht
wer geht,wer geht
das muss aufhören,das spricht mehr
tom kann nicht mehr alle tassen im schrank haben,tom musste zu bett
es ist zu laut,es ist zu laut
tom hat ausgecheckt,tom kennt vorbei
ich mag süßigkeiten,ich mag gern
tom wird es nicht tun,tom wird es nicht wissen
es ist kein trick,es ist kein bombe
tom ist nicht berühmt,tom ist nicht kalt
richte tom meinen dank aus,sag es in
ist das zucker,ist das blut
trinken sie,trinkst du
tom ist da,tom ist lustig
tom hatte schmerzen,tom war treulos
tom schien klug zu sein,tom schien nicht zu
verrichte einfach deine arbeit,gib mir dein getränk
du hast gemogelt,du hast aus
ist tom ein genie,ist tom ein genie
tom sieht dinge,tom hat sich geärgert
alle lächelten,sie lächelten
tom hat bloß gewartet,tom hat gerade
ich bin wandern gegangen,ich kaue musik
tom war diskret,tom war hässlich
ich bin toms mentor,ich bin toms schuld
sie sind ein paar,sie sind eine frau
tom ist fleißig,tom ist grotesk
bist du dabei,bist du
darf ich es versuchen,kann ich es lesen
tom ist töpfer,tom ist eine rapper
sie lieben mich alle,sie haben mir mir
tom gewinnt normalerweise,tom gewinnt schnell
ich bin kanadier,ich bin kanadier
tom weiß mehr,tom kennt das
ich liebe karotten,ich liebe bananen
das ist nicht mein auto,es ist kein mein auto
tom ist nicht verwirrt,tom ist nicht aufgeführt
du hast mich erschreckt,du hast mich geweckt
ist es hier in der nähe,ist es hier
lasst uns fortfahren,lasst wir fortfahren
tom wollte geld,tom brauchte geld
ich fühle mich so verloren,ich fühle mich blendend zu
ich kann nicht lesen,ich kann nicht lesen
das ist sehr groß,das ist sehr groß
darf ich mich setzen,darf ich mich setzen
tom ist romantisch,tom ist legendär
er fühlt sich verletzt,er kam sich
bist du vergesslich,bist du taub
reagier nicht darauf,nicht nicht
ich war am träumen,ich sprach
tom ging nach hause,tom ging nach hause
ich bin gerade nicht beschäftigt,ich bin jetzt so so
"wir wissen, dass du es bist",wir wissen das das
gib das ihm,gib das ihm
gehst du hinein,gehst du
ich bin unbeeindruckt,ich bin gestresst
tom war wütend,tom war wütend
haben sie es gekauft,haben sie das gewählt
das hat mir gut getan,das geht für mich gut
ich habe mehr verdient,ich habe mehr verdient
ich will essen,ich will arbeiten
du bist in ordnung,du geht mir ordnung
sie könnte sterben,sie könnte sterben
tom ist kein engel,tom ist kein heiliger
tom starrte mich an,tom zwinkerte mir mir
ich spreche gerade,ich sammle comics
ich habe einfach nur glück,ich bin ein guter
ich habe tom verachtet,ich höre tom
ist es ein hirsch,ist ein ein traum
sei kein idiot,benimm kein salz baby
tom ist anwesend,tom ist weggezogen
ich habe davon gehört,ich habe es es
wir sind nicht reich,wir sind nicht reich
tom trinkt bier,tom trank bier
sie hat's versucht,sie hat es
"okay, hör zu",hör hör zu
wir sind die besten,wir sind das der
ich mag kaffee,ich liebe kaffee
ist tom dumm,ist tom blöd
sprecht nicht mit mir,geh mir nicht nach
sie liebt ihn,sie liebt ihn
die katze ist in sicherheit,die schule ist gut
meine katze ist weiß,mein hund ist heiß
geh geradeaus,geh zu
sie sind nicht reich,sie sind nicht reich
ich brauche seine hilfe,ich brauche hilfe hilfe
das wird großartig,das wird großartig
ich liebe reisen,ich liebe liebe
tom tritt zurück,tom ist grotesk
was wird tom gewinnen,was wird tom gewinnen
dieser ist deines,dieser das ist
hilf mir,folge mich
sie sind braun,sie haben glück
toms zeit ist abgelaufen,hier ist meine zeit
tom ist unbewaffnet,tom ist unbewaffnet
schau nach hinten,schau dich zurück
wir kennen sie,wir wissen sie
tom hat geheiratet,tom wird bleiben
niemand braucht mich,niemand liebt mir
er strahlte übers ganze gesicht,er war auf auf
sie sind alle gut,sie sind nicht gut
er ist dumm,er ist töricht
ich muss mich beeilen,ich muss dich
ich habe keine antwort erhalten,ich habe keine zukunft
tom hat freunde,tom hat leukämie
boston ist langweilig,ein ist dick
ich bin nicht verliebt,ich bin kein hexe
fahr weiter,hallo mal
ich werde das überprüfen,ich werde das verwenden
sie sind schlecht,sie sind schlecht
ich bin neugierig,ich bin neugierig
stell dich nicht dumm,sei keine salz
tom ist präzise,tom ist defensiv
ich werde tom stoppen,ich werde tom tom
wir müssen anfangen,wir brauchen uns
tom ging weg,tom ging weg
tom hat die katze gesehen,tom hat ins nachrichten gesehen
die zwillinge lächelten,das funktioniert
ich bin nicht durchgefallen,ich habe nicht geschlafen
viel spaß beim schwimmen,sei ein neu
ich habe feuchtes haar,mein puls ist nass
hat tom das ernst gemeint,ist tom das getan
tom wird nicht bleiben,tom wird nicht
dieses land gehört ihm,was wo ich essen
sie gehören mir nicht,sie sind mir mir
ich mag diese stadt,ich mag gerne
sie hat ihm geholfen,sie half ihn
mein fahrrad hab ich ins herz geschlossen,ich mag mein auto
halten sie bitte an,bitte bitte
bist du ehrgeizig,bist du
ich habe sie geliebt,ich liebte sie
tom ist kompetent,tom ist weg
ich bin nicht bewaffnet,ich bin nicht böse
er ist pleite,er ist freundlich
ist tom ein tatverdächtiger,ist tom ein maria
tom ist bewusstlos,tom ist kalt kalt
tom verlor ein buch,tom hat ein großen
riech' ich da etwa speck,zeichne ich
er kommt gleich,er kommt weg
vielleicht ist es wahr,wie ist es
ich bin schlecht in mathe,ich bin gerade gerade
tom erbleichte,tom ist das warum
sie hilft ihm,sie hilft ihn
das ist ein schädel,das ist eine abkürzung
gib mir ein bisschen milch,gib mir etwas an
ich bin etwas beschwipst,ich habe eine einer mann
tom war freundlich,tom war rücksichtslos
tom ist beliebt,tom ist beliebt
ich habe eine gute nachricht,ich habe keine ertrunken
tom ist kein jude,tom ist nicht aufgeführt
tom stöhnte,tom war konzentriert
wissenschaft macht spaß,alle auf spaß
tom mag obst,tom mag ponys
tom kam mit dem auto,tom kam ein streichholz
das ist mein hund,das ist mein hund
tom wird es tun,tom wird es
tom schaut zu,tom ist legendär
wir sind gerade erst eingezogen,wir sind gerade im erst
wie gut sind sie,wie bist du da
tom ist nicht gescheit,tom ist nicht aufgeführt
meine katze ist glücklich,meine katze ist glücklich
es war einfach,es war einfach
tom hat alles gemacht,tom hat es gesehen
tom hatte nichts dagegen,tom hat sich nicht
es ist ziemlich spät,es ist zu spät
was hat das verursacht,was hat das verursacht
ich mag frauen,ich mag hilfe
es ist ziemlich kalt,es ist kalt kalt
das leben macht spaß,das abendessen ist spaß
ich bin in eile,ich bin eine einer
jetzt schmoll nicht,jetzt nicht nicht
wer hat tom festgenommen,niemand mochte tom
er hält sein wort,er hat sein
sie kamen zurück,sie kamen zurück
tom liest gerade,tom ist ein
es ist nur eine katze,es ist eine einer 3
ich habe tom besucht,ich habe tom
tom ist entsetzt,tom ist fanatisch
ich habe das bemerkt,ich habe das versucht
ich hatte einen kampf,ich war meine arbeit
mein haus ist groß,mein ist ist groß
tom war vorsichtig,tom war treulos
er scheint nett zu sein,er scheint zu zu
nirgendwo ist es sicher,ist sind sicher
hat tom gelacht,hat tom gegessen
ich kann nicht allein gehen,ich kann nicht wegsehen
ich war krank,ich war krank
ich werde mit dir gehen,ich werde mit mit holen
tom ist erledigt,tom ist legendär
sie haben tom gesehen,hat tom tom
es ist nicht hässlich,es ist nicht süß
du bist ein kind,du bist ein held
machen sie ihr spiel,habe ich pflanzen
irre ich mich,sterbe ich richtig
ist tom bei klarem verstand,ist tom erreichbar
tom war eingeladen,tom war eingeladen
ich hasse sellerie,ich hasse hasse
er war verblüfft,er war ertränkt
das ist mein zeugs,das ist viel
mach es am montag,mach es zu
bist du der chef,bist du der zauberer
tom ist krank,tom ist krank
ich liebe partys,ich liebe australien
wen hat er gesehen,wer hat wer gesehen
tom hat die schule gehasst,tom hat die die die
wer hat es tom erzählt,wer hat tom tom
wir waren am lernen,wir waren
ich musste mich verstecken,ich mochte dich spaß
tom hasst sport,tom hasst zwiebeln
tom ist derjenige,tom ist mein
ich bin sehr reich,ich bin sehr reich
ich habe um hilfe gerufen,ich wartete tom
ich nehme die,ich werde das holen
es wird mir gut gehen,ich werde übersetzen
könnt ihr mich auslassen,kannst du das warum
tom ist mein anwalt,tom ist mein
tom hat das gebracht,tom hat das
er zog den hut,er hat einen hut
kein taxi hielt an,tom ist ein
tom ist hingebungsvoll,tom ist woanders
ich habe nicht zugehört,ich habe nicht gefahren
ich schlafe nicht,ich bin nicht
ich dachte gründlich nach,ich habe keine aufgestanden
kannst du eine schleife binden,kannst du wie ein sehen
ich döste ein,ich habe ein
tom war durstig,tom wurde durst
alle klatschen,alle haben
tom bewegt sich nicht,tom ist sich zu
gibst du auf,bist du
tom ist beunruhigt,tom ist besorgt
sie kennen dich,sie kennen dich
tom blieb hier stehen,tom kam nur
ich will bleiben,ich will arbeiten
"ich gehe davon aus, dass ich komme",ich sagte dass dass du
wir sind nicht verloren,wir haben nicht zu
die batterie ist leer,die person ist gestorben
ich bin sehr entspannt,ich bin sehr beschäftigt
tom log,tom hat gelogen
kann ich das essen,kann ich das benutzen
es könnte spaß machen,das hat bestimmt
tom schreit,tom ist
lies es nach mir,mach mir mir
tom erinnerte sich,tom ging aus
das ist sehr schlecht,das ist sehr schlecht
tom wird sich verbessern,tom wird sich erholen
hat sie das gesagt,hat sie das machen
ich koche für tom,ich bin tom tom tom
tom riecht scheußlich,tom lächelte verletzt
wir sind überrascht,wir sind umzingelt
tom setzte sich auf,tom drehte sich
ich mag geschichten,ich mag gerne
es ist jetzt vorbei,es ist jetzt jetzt
tom ist hier aufgewachsen,tom musste dort
ich möchte etwas zu trinken,ich will eine hundewelpen
ich hasse bohnen,ich hasse die jahr
du bist nicht tom,du bist tom tom tom
tom hat einen buckel,tom hat zweimal eine h
tom ist barfuß,tom ist legendär
falte es zusammen,es
sie sind weg,sei sind
tom ist neutral,tom ist grotesk
nimm alles mit,nun dich abendbrot
ich bin vater,ich bin dein vater
ich arbeite gerne,ich mag schildkröten
"lass es los, tom",lass tom tom
das war nicht tom,es war tom tom
weinen männer,katzen katzen
ist die wahrheit relevant,ist größe ist fleisch
nur eine minute,ein ein ein
"was ist los, tom",was ist tom tom
tom scheint bereit zu sein,tom sieht unsicher aus
der milchmann ist gestorben,die person ist gestorben
ich benötige antworten,ich brauche beweise
ich muss es finden,ich muss es tun
ich habe grippe,ich habe das schule
ich muss warten,ich muss warten
ich bin glücklich,ich fühle mich betrunken
fahren sie vorsichtig,geh zu
wir haben recht,wir machen recht
das ist etwas anderes,es ist
tom hat mir das geschickt,tom hat mich mir
tom wird sprechen,tom wird tanzen
mir ist schwarz lieber,ich ziehe es nicht zu
tom nickte,tom zwinkerte
"ich weiß, dass tom da ist",ich will tom tom
tom kommt nie,tom wird weg
wir kennen ihn,wir kennen uns
ich liebe sport,ich liebe broccoli
sagt mir die neuigkeiten,mach mir die die
es ist großartig,es ist großartig
schalte den strom ab,was für hat an an
tom will rennen,tom möchte laufen
tom pfeift,tom ist zu betrunken
tom machte keine einwände,tom hat nicht gejagt
tom meldete sich freiwillig,tom hat entschieden
tom ist älter,tom ist verkatert
ist das von tom,ist das für tom
ich rülpse viel,ich habe viel
geister existieren,die hoch
wir werden gehorchen,wir werden sterben
tom hat sich verirrt,tom hat ihn gegessen
"hier, probier das mal",hier es das
ich habe fast aufgegeben,ich bin mich dem zu
wie machen wir das,wie wissen wir das
wie ist das wasser,wie schmeckt das buch
das sind unsere,du sind uns
tom zeichnet gut,tom hat gut gut
du hast's versucht,du hast versucht
ich habe kinder,ich habe kinder
ich habe die schule gehasst,ich habe was die die gesicht
ich war ruppig,ich war so
du hast mein wort,du bist mein auto
er ist auf dem laufenden,er ist sich paris
er hat gute arbeit geleistet,er hat mich dem haar
ich habe kinder,ich habe kinder
ich habe einfach aufgegeben,ich habe mit mit gerade
ich rief ihn an,ich habe ihn
tom ist älter,tom ist grotesk
willkommen zu hause,bleib zu hause
das wird ein spaß,das wird an
ich bin jäger,ich bin bäcker
tom fluchte,tom hat entschieden
ich bin sehr unglücklich,ich habe eine gesehen
pass wegen dieben auf,frösche mal druckknopf
vergiss tom nicht,vergiss tom nicht
tom blieb stecken,tom wurde sich
er ging angeln,er ging angeln
ich spiele tennis,ich bekomme tennis
liebe ist unsterblich,ist ist fotogen
drück drauf,töte
tom war arm,tom war alt
tom ist überglücklich,tom ist grotesk
sie waren schwach,sie waren glücklich
tom hat blut gespendet,tom hat mein
dieses auto ist gut,das ist ist gut
wir werden uns darum kümmern,wir werden es vermissen
tom fühlte sich gefangen,tom hatte sich süden
tom scheint schlau zu sein,tom scheint nicht zu sein
tom wäre fast gestorben,tom kam ein ums
ich vermisse euch,ich würde euch
ich bin feuerwehrmann,ich bin ein
ich folgte ihm,ich habe ihn
grab schneller,bleib ruhig weilchen
ich war nicht vorsichtig,ich war nicht erbaut
ich backe brot,ich backe brot
ich nahm das buch,ich habe das buch gekauft
"niemand weiß, warum",niemand weiß ich
das ist mein satz,das ist mein cd
ist jemand gestorben,ist tom
ich bin ziemlich faul,ich bin fast faul
schau nicht auf tom,schau dir nicht tom
tom hat nie gefragt,tom hat nie
tom ist einverstanden,tom hat entschieden
sein zimmer ist unordentlich,die schuss ist einem hand
jetzt mache ich mir sorgen,jetzt bin ich ich bin
wir sind noch immer hier,wir sind sie hier
sie hatten ein boot,sie hatten ein messer
tom skizziert,tom ist legendär
tom war unsicher,tom war nett
ich kenne sie gut,ich weiß es auch
"sag tom, warum",sag dass tom tom
das ist für tom,das ist für tom
meine schuhe quietschen,meine augen ist eingelaufen
wer lebt hier,hier hier hier
ich habe sie wütend gemacht,ich habe sie gesehen gesehen
ich habe meine anweisungen,ich habe meine bruder
ich erlaube es nicht,ich mir es nicht nicht
was für eine frau,was für ein süßes
ruhst du dich jemals aus,fühlst du nach aus
es ist sehr heiß,es ist sehr heiß
rechts abbiegen,bitte dich
geh,geh
sie kann nicht schwimmen,tom kann nicht schwimmen
moment mal,biegen sie rein
ich habe keinen hunger,ich bin nicht reich
tom ist überrascht,tom ist pünktlich
ist tom auch gegangen,hat tom auch
tom ist nicht krank,tom ist nicht krank
das wäre gut,wie wäre gut
ich schäme mich nicht,ich geht mir gut
er ist bereit zu gehen,er ist jetzt zu sein
tom ist seltsam,tom ist gemein
tom ließ mich gewinnen,tom sagte jetzt fahren
ich habe mein buch gefunden,ich habe das buch buch
er hat einen hund gemalt,er hat einen hund
ich bin überarbeitet,ich bin ausgezogen
tom macht einen netten eindruck,tom scheint zu zu sein
ich habe tom meine stimme gegeben,ich habe tom tom
lass deinen charme spielen,mach sie die viel
wir sind verloren,wir sind verloren
das bin ich gewohnt,ich will es versuchen
es ist fast vorbei,es ist gleich noch zu
"gott weiß, warum",was gaben uns was
lies dein buch,klapp dein buch
tom ist schriftsteller,tom ist eine
wo können wir essen,wo kann wir essen
sie sterben,sie werden sterben
hat tom aufgehört,hat tom gegessen
ich möchte es tun,ich will es
ich muss mich ausruhen,ich muss nie
ich bin einverstanden,ich habe tomaten
du weißt das,du weißt das
ich arbeite zu viel,ich war zu viel
ich hasse mäuse,ich hasse tom
er ist ein blödmann,er ist ein genie
ich habe die schlüssel,ich habe die schlüssel
es ist toms kampf,das ist toms
mir ist es wichtig,ich bin es
ich war nicht allein,ich war nicht glücklich
er ist wissenschaftler,er ist eine frankreich
was ist dein wunsch,was ist deine
ich bin tom jackson,ich bin tom schuld
er ist unschuldig,er ist unschuldig
kann ich es anprobieren,kann ich kann dass du
das wird ein spaß,das wird an
ich reise gerne,ich mag es entspannen
tom machte eine pause,tom ging eine
es war schmerzlos,es war verlockend
tom rannte nach hause,tom fühlte nach hause
frag irgendwen,vergiss mal tom
wer kommt nicht,wer kommt nicht
wir ziehen uns gerade aus,wir uns uns aus
du bist zu spät,du kommst spät spät
er wird kommen,er wird kommen
halte mich auf dem laufenden,mach mich schwestern
tom hörte sirenen,tom hat das
bin ich zugelassen,bin ich verletzt
tom ekelt mich an,tom hat mich
diese tasche gehört mir,das ist mein tasche
sucht er gerade,iss er
tom stand unbeweglich,tom stand sich
mach mal schluss damit,gib es ein vogel
dreh die heizung auf,halte die tür auf
tom arbeitet für uns,tom ging uns
wir wissen es nicht,wir wissen es nicht
tom tanzt,tom schwimmt
das ist persönlich,das ist gratis
ich bin immer beschäftigt,ich bin so beschäftigt
tom war mein kumpel,tom war mein chef
ich bin ausgeruht,ich kämpfe
wir sind keine idioten,wir sind nicht idioten
das gehört alles mir,es ist in in
insekten faszinieren mich,mach mir mir
tom muss gewonnen haben,tom muss krank sein
es ist sehr weiß,es ist mein schuld
ich bin jetzt verheiratet,ich bin jetzt
wir werden arbeiten,wir werden warten
tom war amüsiert,tom war sich
meine füße tun weh,ich habe die die die
tom blieb in der nähe,tom kam ruhig
bist du gerecht,bist du gerecht
ich lese nicht,ich bin nicht
abgemacht,das ist eine abkürzung
ich bin gerade beschäftigt,ich bin jetzt jetzt dienst
wir haben zeit,wir haben zeit
der himmel war grau,die katze ist viel
ich bin nicht geschwommen,ich bin nicht nervös
ich bin mein eigener chef,ich bin ein guter mann
ich musste arbeiten,ich musste arbeiten
wer ist dein vater,wer ist dein vater
ist das ein maulwurf,ist das eine blume
das habe ich gehört,ich habe das
wie mache ich das,wie mache ich das
gehorche deinem vater,ist dein zimmer
haben sie gelogen,weinen sie
ich bin am verhungern,ich kämpfe
ich habe mich geschnitten,ich habe mich geschnitten
tom war nicht allein,tom war nicht alleine
tom hat große augen,tom hat zwei söhne
kann ich zu dir kommen,kann ich jetzt gehen
wir sind verblüfft,wir sind verwirrt
ich bin verliebt,ich bin deine
er braucht geld,er braucht geld
tom ist durchgedreht,tom ist verwirrt
tom ist kein dummkopf,tom ist kein heiliger
zielen feuer,nicht
das auto ist blau,mein puls ist
wer bin ich,das ist boston
ich machte meine tür zu,ich habe eine einem idee
tom war nicht zu hause,tom war nicht zu hause
gib sie ihm,gib sie uns
ich leihe mir geld,ich sehe kekse
tom ist schlank,tom ist unlogisch
das ist kein salz,das ist nicht so
ich habe das gemacht,ich habe das bestellt
ich bin in paris,ich bin in perth
das ist so unverschämt,das ist so weit
tom ist ein charmeur,tom ist ein charmeur
ich bin ein koch,ich bin ein
tom ist objektiv,tom ist verunsichert
wie schön,wie schön
sei tolerant,sei mal
er ist gerade angekommen,er ist kein dummkopf
bist du okay,geht es dir gut
das hoffe ich auch,ich bin das auch
ich habe kaviar gegessen,ich habe jemanden
ich gehe immer zu fuß,ich fühle immer fisch
ich sage nein,ich bin nicht
ich feiere,ich bin ausgezogen
knete den teig,die die betten
wer summt,wer ist zu faul
das kostet eine menge,das isst viel
das ist ein buch,das ist ein buch
ich schlief,ich war
ich bin beharrlich,ich bin gestresst
putz dir mal die nase,gute deine blau
"gut, du hast gewonnen",warum warum
er ist ein tier,er ist ein gentleman
es ist ziemlich kalt,es ist bloß kalt
es ist die wahrheit,das ist die nummer
tom ist verzweifelt,tom ist verzweifelt
magst du meines,magst du mir
"wir kamen, um zu spielen",wir gehen selten spielen
ist tom zu heiß,ist tom heiß
wie romantisch,wie wird
"stirb nicht, tom",tom ist nicht
das ist mein mittagessen,das ist mein haus
tom hat es erwähnt,tom hat es zugegeben
wir haben zwei kinder,wir haben alle alle
es war großartig,es war verlockend
tom ist talentiert,tom ist grotesk
er schlief tief und fest,er wurde sich
ich fluche nicht,ich bin nicht einsam
darf ich anfangen,darf ich anfangen
er ist ein kluger junge,er ist ein großer junge
es funktioniert nicht,es funktioniert nicht
ist der brunnen tief,ist es salz
ich habe feuchtes haar,mein puls ist nass
kann tom gut kochen,können sie auch gut
tom spielt,tom ist ehrenhaft
wir schrieben ihnen,wir müssen tom
ich bewunderte tom,ich unterstütze tom
ich bin fünfundzwanzig jahre alt,ich bin ein bin alt
frag tom irgendwas,frag tom etwas etwas zu zu
tom hatte eine katze,tom hatte eine waffe
ich habe keine familie,ich habe mir hunger
tom ist sich nicht sicher,tom ist nicht sicher
meine frau schlägt mich,meine mann von ein ein
tom hat geschnarcht,tom lächelte
ich liebe knoblauch,ich liebe nachts
was hat das verursacht,was ist das bestellt
tom hatte ehrgeiz,tom hat pech
du bist sehr süß,du bist sehr nett
tom schreit,tom schreit
ich benutze es,ich gefällt es
was wirst du haben,was hast du
ich war nur verärgert,ich war ganz glücklich
hier ist es passiert,es ist hier
wir sind hier zu hause,wir sind hier
das ist komisch,das ist komisch
bürste dir das haar,mama deine mutter
tom hat geschlafen,tom war
"tom, bist du das",tom ist das
ich kann es jetzt machen,ich kann jetzt jetzt jetzt
tom verlor maria,tom hat mary gegessen
das labor ist leer,der frau ist leer
ich verließ mich auf tom,ich werde tom tom
schreib das auf,zieh mal
alle blieben,alle haben
es ist kühl,es ist verwirrt
wo ist es jetzt,wo ist jetzt jetzt
ich war sprachlos,ich war erniedrigt
tom liebte skifahren,tom ging sich
tom sieht cool aus,tom sieht aus aus
ich habe geheiratet,ich habe verheiratet
hast du es gekauft,hast du das gemundet
du bist großzügig,du bist großzügig
tom braucht geld,tom braucht geld
magst du insekten,magst du
geh wieder ins bett,geh in allein
du bist nicht ich,du bist mir nicht
das hat er gesagt,gib er das gesagt
gib mir nicht die schuld,widersetze es nicht nicht
wir sind glücklich,wir sind glücklich
augenblick mal,augenblick
nimm deinen hut ab,feg mein viel
was für ein glück du hast,wie für du du du du
versuch jetzt zu schlafen,jetzt lügst du
bleib im wagen,warte dein auto
ich war ein idiot,ich war ein engel
das ist meine idee,das ist meine tasche
ich bin ruiniert,ich bin zurückgekommen
tom hat das geändert,tom hat das
untersuchen sie das,untersuchen wir das
ich habe kein fieber,ich habe keine
dein plan ist gescheitert,nimm ein ein mann
"ich hoffe, es funktioniert",ich würde es warten
hatte tom viel zu tun,ist tom zu
du bist zu groß,du bist zu groß
heute ist nicht mein tag,es ist kein zu tag
geh nicht dorthin,geh nicht da
sie ist ausgegangen,sie ist gegangen
tom hat nie angerufen,tom hat sich nie
es ist ein neuer tag,es ist ein windiger tag
ich werde mich nicht verspäten,ich werde zu zu sein
ich bin leichtgläubig,ich bin leichtgläubig
tom fuhr schnell,tom wurde schnell
mach weiter,fang
lass mich nicht sterben,lass mich nicht
tom isst supergerne pizza,tom liebt hoffnung
er ist pleite,er ist fotogen
was hat dich geweckt,was bist du an
du kannst nicht laufen,das kann nicht sein
man lernt nie aus,geh mal milch
tom ist ganz ohr,tom ist im
tom sollte gewinnen,tom würde gewinnen
ich bin früh dran,ich bin früh
nicht schießen,nicht schießen
du bist doch bemitleidenswert,du bist ungezogen
ist das komisch,ist es seltsam
du bist schuld,du hast unser
tom hat es bemerkt,tom hat es
die straße war vereist,die war war feucht
"champagner, bitte",bitte bitte
ich bog rechts ab,ich setzte mich einmal
ich tue das immer noch,mir tue es nicht nicht
tom ist jetzt ein mann,tom ist ein ein
ich habe kekse mitgebracht,ich habe kekse gebacken
ist tom sauer auf uns,ist tom uns auch zu
danke tom für mich,okay mir mir mir
wir haben einen plan,wir haben einen plan
raucht ihr,mögen sie
tom stand im stau,tom hatte ins 65
wir stecken fest,wir sind getrennt
ich bin sauer,ich bin allein
tom ist ein faschist,tom ist eine rapper
ich schloss eine wette ab,ich habe meine tasche
tom wird schreien,tom wird weinen
das ist nicht gut,das ist nicht gut
du bist ein feigling,du bist ein
wir werden kochen,wir werden reden
sie sehen beschäftigt aus,sie scheinen beschäftigt aus
du darfst nach hause gehen,du könntest uns hause
hat tom hilfe gebraucht,hat tom tom
kannst du weitermachen,können sie kochen
ist das verkäuflich,ist das für dvd
ich war draußen,ich war überrascht
tom wurde gehackt,tom wurde nie
tom fühlte nichts,tom fühlte sich
tom ist perplex,tom ist ehrenhaft
er machte schulden,er ließ an gehen
tom ist krank,tom ist krank
tom kletterte hinunter,tom hat sich
wir sind zuversichtlich,wir sind vorbereitet
wo ist mein zimmer,wo ist mein vater
unterlass die tagträumerei,hör auf auf einzumischen
was ist drin,was ist ist
ich fühle mich sehr alt,ich bin kein zu
ich liebe halloween,ich liebe nachts
"ich tue, was ich will",ich bürstete was was
tom saß ruhig da,tom saß sich innen
kannst du danach suchen,kannst du es machen
das ist genug,das wird es
ich sah tom nackt,ich sah tom krank
ist er wieder gescheitert,hat er tür recht
tom ist nicht beschäftigt,tom ist nicht beschäftigt
er gab ihr eine schachtel,er hat die die die
ich habe einen freund getroffen,ich habe einen viel
ich möchte mein geld,ich will mein geld
tom ist verärgert,tom ist defensiv
vergleiche die fakten,die liebe
tom kann uns helfen,tom kann uns helfen
das ist meine katze,das ist eine katze
tom hat das kaputt gemacht,tom hat das gemalt
ich hasse hausaufgaben,ich hasse spinnen
er ist ein pantoffelheld,er ist autist
ich kann das reparieren,ich kann das in
tom kicherte,tom erstarrte
es ist so still,es ist so einfach
tom braucht wasser,tom braucht wasser
ich wollte das,das braucht das
tom war kreativ,tom war kreativ
ich bin etwas verrückt,ich bin eine beschwipst
das ist ernst,das ist ernst
wo ist ein spiegel,wo ist eine
"du bist der nächste, tom",du bist ist tom tom
sie hat glück,sie glück glück
alle sind einverstanden,alle warteten
tom war barfuß,tom war treulos
tom sagte nichts,tom rief nichts
ist tom gerannt,hat tom
du hattest recht,du brauchst hilfe
bist du in boston,bist du in boston
tom singt tenor,tom ist erschöpft
ich huste,ich bin
kann ich mich dort hinsetzen,kann ich ich nicht sehen
ich verstehe nicht wie,ich sehe es nicht
tom ist nicht rechthaberisch,tom ist nicht zu
ich bin erschrocken,ich bin skeptisch
er liebt rituale,er liebt züge
du bist nicht arm,du bist nicht zu
tom ist weg,tom ist weg
ich liebe hunde,ich liebe hunde
ich habe es tom nie gesagt,ich habe tom tom nie gesagt
dies ist ein apfel,das ist ein hut
das ist langweilig,das ist langweilig
tom war geduldig,tom war geduldig
das ist ein witz,es ist ein witz
tom ist involviert,tom ist es zu zu
es is ein toller tag,es ist ein sonniger tag
bitte lächeln,bitte bitte dich
ich mag nudeln,ich mag gerne
tom ist mein arzt,tom ist mein held
ich liebe es hier,ich liebe es hier
es herrschte frost,es schrie
ich werde kämpfen,ich werde abnehmen
reicht das,reicht das
ich arbeite zu hause,ich ging mich hause
er hat seine frau verlassen,er ist keine gegangen
tom sieht nur zu,tom hat gerade angefangen
du bist müde,du bist müde
lass sie reden,lass sie gehen
ich habe zu viel getrunken,ich habe einen viel ausgegeben
du bist ein lügner,du bist ein nett
geh nicht nach hause,geh nicht nicht hause
es ist toms haus,es ist toms dunkel
es wird kalt werden,es wird gehen
er ist noch jung,er ist jung jung
ich rettete sie,ich habe sie
ich bin entspannt,ich bin gerührt
wünsch dir was,was für
es ist ein heißer tag,es ist ein tag tag
tom ist verletzt,tom ist verletzt
bin ich ein tatverdächtiger,bin ich ein einzige
eventuell komme ich zurück,ich kann nie sein
hier ist meine karte,hier ist meine quittung
mach weiter,geh langsamer
jedem das seine,gib den grill
tom packt,tom packt
beide sind am leben,die hoch
ich möchte zuschauen,ich will mehr
ich bin gesprungen,ich bin
bist du okay,geht du nicht gut
sie hat ihn verklagt,sie hat ihn
mach es kaputt,es
es war ironisch,es war verlockend
hier ist mein schlüssel,hier ist meine plan
tom muss tot sein,tom wird sein sein
hol mir was zu trinken,hol mir eine sekunde
tom schrieb weiter,tom weinte weiter
tom schien bestürzt zu sein,tom schien nicht zu sein
tom ist zurückgekommen,tom ist zurückgekommen
tom hat wahrscheinlich gewonnen,tom hat gewonnen gewonnen
du bist eine frau,du bist eine frau
ich vertraue tom,ich beschützte tom
gib mir die waffe,gib mir die an an
ich habe schmerzen,ich habe viel
tom weint viel,tom flucht viel
tom hat die kontrolle verloren,tom hat verloren verloren
tom ist jetzt glücklich,tom ist jetzt weit
tom hat arbeit,tom hat einen job
sie ist still,sie ist ruhig
ich liebe meine katze,ich liebe meine katze
"komm, setz dich zu mir",komm setz dich zu zu
ich bin sehr dünn,ich bin sehr groß
"das ist alles, was ich habe",es ist der der
komm und hol’s dir,komm schon das
hamster sind süß,ist ist süß
ich habe gegessen,ich habe verloren
er muss arbeit finden,er muss es arbeiten
tom fühlte sich fantastisch,tom fühlte sich nackt
tom ist einfältig,tom ist so nett
niemand wurde verletzt,niemand hat sich gemacht
er warf den ball,er hat den zu
das sind schauspieler,sie sind piloten
feuer,nicht
mögen sie tee,magst du tee
frag irgendwen,iss
ich werde tom holen,ich werde tom holen
sag es auf französisch,sag es das
du wirst tom treffen,du wirst tom tom
tom ist anpassungsfähig,tom ist grotesk
tom träumte,tom sang
ich hab's fast vergessen,ich habe es angst angst
ich bin geheilt,ich bin ausgezogen
tom ist nicht nett,tom ist nicht nett
volltanken,nimm auf auf
er kann dir nicht helfen,er kann tom nicht aufhalten
er ermüdete bald,er sah sich sich
für die liebe braucht es zwei,mama meine schmerzen
"weißt du, wie",weißt du das
vielleicht schneit es,es könnte funktionieren
dein hosenstall ist offen,der hosenstall ist offen
er hatte jeans an,er wurde sich augen
lasst uns verhandeln,lasst wir
mach weiter,sei zu
das gehört zum geschäft,es ist nichts
tom fand es gut,tom gefiel das
tom ist um die dreißig,tom ist die der
tom ist naiv,tom ist pingelig
was ist wahrheit,was ist die
tom redete,tom erblindete
ich bin zäh,ich bin geschieden
tom hört zu,tom hört zu
kümmer dich nicht um tom,mach es nicht nicht tom
tom kann lesen,tom kann zufrieden
er hat lockiges haar,er hat ihr haar
tom war neugierig,tom war neugierig
tom ist völlig durchgedreht,tom ging alleine
ich werde zu hause sein,ich werde zu zuhause hause
tom hat angst,tom hat es in zu
ich wurde sehr krank,ich wurde sehr betrunken
können kaninchen schwimmen,können können schwimmen
ich mag baseball,ich mag
tom ist ungeschlagen,tom ist verkatert
es wird geschehen,es wird geschehen
zum wohl,bleib hoch
tom ist überzeugend,tom ist legendär
tom ist so alt,tom ist kein alt
bist du ein vampir,bist du ein zauberer
tom wurde hingerichtet,tom war wortkarg
tom ist fettleibig,tom ist flexibel
ich unterrichte englisch,ich studiere englisch
ich bin in schwierigkeiten,ich bin in der
wir müssen ihn warnen,wir müssen ihn angelogen
tom glaubte das,tom hat das umgeschrieben
tom sah uns,tom hat uns gesehen
tom geht es den umständen entsprechend gut,tom geht mir gut
tom war nicht zu hause,tom war nicht dort
wir werden dich begraben,wir werden dich treffen
bist du 18,bist du befreundet
antrag abgelehnt,die auf
irgendwas stinkt hier,ist ist ist
ich gab meinen beruf auf,ich gab mit mit tipp
halte tom drinnen,halte tom rein
bitte hol tom,bitte bitte tom
ist tom nicht cool,ist tom nicht süß
er liebt musik,er liebt musik
wo liegt boston,wo ist boston
er ist nicht so groß,er ist nicht groß alt
er trank ein bier,er bestellte ein bier
sie sind früh dran,sie sind früh auf
ich mag knoblauch,ich mag gerne
tom nahm sich ein taxi,tom hat ein nickerchen
bleib bei uns,geh mit mit
tom war hilfreich,tom war
er war wie gelähmt,er war beliebt
du träumst,du schreist
tom ist geschieden,tom ist geschieden
guten abend,atme
sehe ich nervös aus,sehe ich schnell
ich liebe meine mutter,ich liebe meine mutter
bist du ein geist,bist du dick
es war dunkel,es war dunkel
sie sind alle tot,sie sind sind tot
was gibts neues,mein ist neu
du schliefst ein,du täuschst aus
das leben ist kurz,das leben ist neu
ich bin ziemlich hungrig,ich habe fast hunger
"schatz, ich liebe dich",was liebe dich
wie ekelhaft,wie wird
du bist ein engel,du bist ein engel
mein hund hat tom gebissen,der hund ist tom gefressen
ich sehe dich nicht,ich sehe dich nicht
tom liebt skifahren,tom liebt ins
tom wurde besiegt,tom war treulos
möchtest du ein auto,möchtest du auto auto
wir haben zwei söhne,wir haben zwei söhne
tom hatte ein bier,tom hatte ein ein
er hat drei söhne,er hat offenbar söhne
lasst uns abstimmen,lass uns
wir sind nicht furchtsam,wir werden uns angst
ich habe tom umarmt,ich habe mit mit gegeben
ich brauche ein hobby,ich brauche eine umarmung
das geht vorbei,das geht vorbei
ich tanze gern,ich lache gern
tom wird es benützen,tom wird es versuchen
das hilft,es
tom hat das bestellt,tom weiß das
hab vertrauen,hol mal
tom ist unermüdlich,tom ist grotesk
ich bin dein diener,ich bin dein bruder
ich bin noch nicht fertig,ich bin nicht nicht
tom wurde bestraft,tom war höflich
wer sind wir,wer ist sie
tom ist egoistisch,tom ist langweilig
lass mich in ruhe,lass mich gehen
tom machte lärm,tom hörte ein
wer hat das gesagt,wer hat das
er ist mein onkel,er ist mein pferd
kann ich hier sitzen,kann ich ich nicht lesen
tom antwortete,tom ist verschlafen
er ist hier,hier ist er
er sah gut aus,er sah gut aus
wir können sprechen,wir können reden
man sieht ihm sein alter an,er fing mich an
ist das ein bär,ist das ein vogel
hör auf mir zu schreiben,hör auf zu
tom wird erfolg haben,tom wird zustimmen
ich werde anrufen,ich werde folgen
ich war besoffen,ich war betrunken
tom geht es gut,tom ist gut
tom fürchtet sich nicht,tom hat sich angst
das war eine falle,es war eine geschneit
tom mag dich,tom mag dich
tom ist eifersüchtig,tom ist eifersüchtig
komm bald zurück,komm wieder wieder
es ist schon fast dunkel,es ist sehr dunkel
ich bin voreingenommen,ich bin schrecklich
"ich frage mich, warum",ich fühle mich
sie sind drinnen,sie sind da
die bullen,das ist der der
tom ging raus,tom ging aus
wie aufregend,wie aufregend
wer hat gewonnen,wer hat gewonnen
tom war nicht deutlich,tom war nicht brav
wir sind araber,wir sind cousins
wir werden nach hause gehen,wir werden uns hause gehen
irgendwelche vorschläge,frösche nacht
ich bin überrascht,ich bin ausgezogen
niemand mag mich,niemand mag mir
ich habe verstopfung,ich bin gestresst
er hat eine kamera,er hat einen picasso
habt ihr bier,möchtest du bier
sei ein mann,nimm ein ein
ich hätte gerne eine gabel,ich brauche eine eimer
tom ist nachlässig,tom ist legendär
tom mag mich,tom mag mich
frag nach tom,hallo tom
gib uns einen moment,dann den
sie wohnen dort,sie war dort
bitte geh jetzt,lass jetzt
tom mag sport,tom mag sport
halte dich an mir fest,lass sie mir
vergiss es nicht,vergiss das nicht
bist du bei mir,bist du ein mir
tom hat das verursacht,tom hat das das
sie ist ganz aus dem häuschen,sie ist sehr beschäftigt
ich rettete ihn,ich vertraue ihn
tom hat mich geschlagen,tom hat mich angelogen
tom versuchte es erneut,tom hat es nicht
tom leidet,tom leidet
ich konnte nicht aufhören,ich konnte nicht singen
setz dich dorthin,gucken
ist das normal,ist das normal
tom hat nicht geschossen,tom ist nicht
hat tom das gesagt,hat tom das getan
das ist nicht sicher,das ist nicht sicher
ist tom brav,ist tom gut
hier ist die milch,hier ist deine mutter
kann tom gehen,kann tom singen
gib es auf,mach es
ist das ein nein,ist das ein lama
tom hat eindeutig gelogen,tom hat gewonnen gegessen
mach es nicht kaputt,geh es nicht
tom ist so,tom ist das das
tom ist blöd,tom ist dumm
es ist gerecht,das ist gerecht
tom ist schnell,tom ist schnell
mittagessen ist fertig,das ist ist wahr
nimm dir tee,komm tee etwas
"ich weiß, dass das schlecht ist",ich weiß dass nicht mühsam
wir werden beschäftigt sein,wir werden zu sein sein
der junge ist nett,der puls ist nett
bitte tu es,bitte bitte
tom ist hitzköpfig,tom ist legendär
komm mit mir nach hause,komm wieder mir mir
sind sie schwestern,sind sie am
ich war entsetzt,ich war überrascht
tom ist gerade angekommen,tom ist gerade
er hat mumm,er hat in erfordert
hat tom gewählt,hat tom geholfen
ich bin unglücklich,ich bin angst
"es tut mir leid, tom",jetzt bin ich es es
tom ist treu,tom ist genial
tom ist wunderbar,tom ist schön
ich spreche gerade,ich bezahle
schlaf genug,geh mädels
es ist nicht dringend,es ist nicht gesetzeswidrig
tom ist effizient,tom ist grotesk
sie gingen hin,sie lagen dort
tom war charmant,tom war zäh
mach es jetzt,jetzt es
es ist bewölkt,es ist skurril
du solltest nicht gehen,du wirst gehen
ich mag auch süßigkeiten,er mag den mädchen
ich habe ein boot,ich habe ein boot
ich kann tom nicht leiden,ich kann tom nicht
ich überdrehe,ich bin gestresst
pass bitte auf,sei einfach unterschreiben
komm bald hierher,komm wieder
lass ihn alleine,lass sie nach ruhe
tom wurde umgebracht,tom wurde getötet
ich biss mir auf die lippen,ich habe die die die die zunge
er hatte keinen mantel an,er hatte keine erkältet geschlafen
ich schnarche nicht,ich bin nicht
ich habe eine eins bekommen,ich habe einen minute
wer hatte recht,wer hilft recht
es ist kalt,es ist kalt
tom lacht,tom lügt
er konnte nicht schwimmen,er kann nicht schwimmen
tom stand in der nähe,tom hat in der
gibt es noch mehr,war es jemand
wir sind wohlhabend,wir sind reich
tom ist töricht,tom ist wach
tom war langweilig,tom war langweilig
und zu welchem zweck,was mal
war tom da,war tom dort
ist es fertig,ist es vorbei
kann ich einen haben,kann ich gehen
er fütterte das pferd,er hat ein pferd
wir werden entscheiden,wir werden überleben
tom ist humorvoll,tom ist legendär
spiel nicht hier,sei nicht hierher
ich war zu schüchtern,ich war zu schüchtern
hat er recht,hat er recht
ich hatte nichts zu tun,ich war sehr beschäftigt
tom hat mich sitzenlassen,tom überraschte mich
tom schluchzt,tom gähnt
wir haben uns keine sorgen gemacht,wir haben nicht zu zu
wer ist hier,wer ist hier
ich bin sehr bestürzt,ich bin hochzufrieden
es ist geöffnet,es ist wunderbar
"hör auf, tom zu erschrecken",hör auf tom
geht es tom gut,ist tom gut
das ist enorm,das ist offensichtlich
wo ist die katze,wo ist die katze
wir werden glücklich sein,wir werden bereit sein
hilf mir tom suchen,bring es tom tom
ich sehe das,ich habe das
tom wurde gefeuert,tom wurde witze
ich bin dagegen,ich habe es
du bist erschöpft,du bist erschöpft
ich liebe kochen,ich brauche eier
das sind fünfzig yen,es ist deren aufgabe
"na los, mach schon",komm schon schon
es ist unten,es ist richtig
ich habe äpfel gegessen,ich habe hilfe
hast du gesprochen,hat du
tom empfängt uns,tom wird uns retten
er ging ins bett,er hat ins bett
tom ist entkommen,tom ist
können wir dir helfen,können wir uns helfen
ignorier das,bleib mal
du bist eifersüchtig,du sind eifersüchtig
tom ist gesund,tom ist gesund
trink noch ein bier,hol sie bier
wo ist meine frau,wo ist mein ring
ich kochte für tom,ich habe tom tom
das ist meine cd,das ist meine cd
niemand liebt den krieg,niemand liebt die krieg
ich bin so glücklich,ich bin so glücklich
alle sind glücklich,alle sind glücklich
ich liebe das lesen,ich lese deine
tom wurde dicker,tom wurde nie
gib mir mal mein handtuch,gib mir mir ball handtuch
ich hatte recht,ich wurde gehorchen
ich habe einen kuli,ich habe einen pferd
tom ist bei bewusstsein,tom ist bei bewusstsein
seine frau war wütend,die war war getürkt
er hatte nichts böses im sinn,er hat kein fahrrad fahrrad
tom ist positiv,tom ist positiv
sie tippt gut,sie hat gut gut
du wirst tom vermissen,du wirst tom helfen
tom zögert,tom zögert
ich bin für dich da,ich bin bei so
tom kam nach hause,tom blieb zu hause
ich habe fieber,ich habe viel
ich gehe,ich werde gehen
tom stolperte hinein,tom blieb pünktlich
geld regiert die welt,das schreist
"ich glaube, es funktioniert",ich werde es warten
ich bin schrecklich faul,ich bin ganz faul
ich kann es schaffen,ich kann das
wo ist der chef,wo ist meine tasche
tom scheint benommen zu sein,tom scheint benommen
wir sind quitt,wir sind alles
ich habe morgen frei,ich fühle mich aus
wir sind unterwegs,wir sind im zu
tom ist mein freund,toms ist mein junge
wann gehen wir,wann fahren wir
ist das nicht cool,ist es nicht süß
er ist ein ninja,er ist eine komödiant
ihre beine sind lang,die an an an
ist das nicht perfekt,ist das nicht
der fernseher ist an,die wind erstarb
tom hat dich gewarnt,tom hat dich gesehen
sag das nicht,sag es nicht nicht
tom wird schießen,tom wird
wir konnten nicht aufhören,wir werden nicht nicht
das leben ist verrückt,das leben ist hart
tom schrie weiter,tom weinte weiter
ich bin berühmt,ich bin berühmt
mach den spiegel sauber,mach die die
ich hasse mich selbst,ich hasse spinnen
ich hasse marmelade,ich hasse halloween
normalerweise gehe ich zu fuß,ich schulde zu 100
tom hat das gehört,tom weiß das
ich arbeite hier,ich liebe hier
hat tom den ort genannt,hat tom warum gesagt
ich war beeindruckt,ich war beeindruckt
er hat mir einen anzug gemacht,er buk mich einen kuchen
tom wird gehorchen,tom wird helfen
tom ist sehr schüchtern,tom ist sehr schüchtern
er lebt noch,er ist noch
tom boxt gerne,tom mag gerne
tom ist gelangweilt,tom ist gelangweilt
ich bin oberst,ich bin ein bruder
ich will die scheidung,ich will eine gehaltserhöhung
hat tom geantwortet,ist tom geschwommen
er ist sehr neugierig,er ist sehr neugierig
wer sieht zu,wer hört
tom ist treu,tom ist grotesk
das gehört auch mir,das ist jetzt mir
ich will fahren,ich will auto auto
alle sind beschäftigt,alle sind beschäftigt
er ist mein lehrer,er ist mein
tom kann sie holen,tom kann kommen
tom ist effektiv,tom ist gesprächig
wie geht es euch allen,wie ist ist dunkel
tom liebt hockey,tom liebt hockey
tom ist bedient,tom hat es
tom wurde gemobbt,tom war besorgt
wir sind hier,wir sind hier
alles war ruhig,die sind da
ich habe einen ring,ich habe ein bruder
ich kann tom nicht aufhalten,ich kann tom nicht aufhalten
sei ruhig,sei still
wir kennen uns schon ewig,wir gehen rein
bleib nicht zu lange weg,sei dich nicht aus
bleiben sie weg,sei pünktlich
ich bin nicht bestürzt,ich bin nicht nicht
"ich hoffe, dass tom gewinnt",ich sah zu schnell
er ist kein arzt,er ist kein alt
warte mal,komm was auf
warum ist tom zu hause,warum ist nicht zu ordnung
ich habe mir das bein gebrochen,ich habe meine zerbrochen
tom ist pleite,tom ist vergesslich
tom gab mir 300 dollar,tom hat mit mit bus
fahre langsam,geh
das ist kein scherz,es geht kein witz
lass uns unsere arbeit verrichten,lasst uns uns wie fahren
tom war vorsichtig,tom war vorsichtig
das war nichts,das war nichts
ich bin mit tom gekommen,ich bin mit tom tom
ist es ein wolf,ist das ein kojote
ich bin frei,ich bin frei
halt dich fest,bis
es war eine gute nachricht,es war keine sauber
tom hasst oper,tom hasst zwiebeln
helfen wir tom,lass uns tom
ich mag auch kuchen,er mag den jungen
"ich weiß, dass er es getan hat",ich weiß dass das ist
der hund ist schlau,der hund ist ist
beiß mal rein,nimm einen
plappert tom,ist tom
sie haben tom getötet,sie wurde eingestellt
tom wurde adoptiert,tom ist adoptiert
warum dankst du mir,jetzt erinnere ich
dein zimmer gefällt mir,ich mag dieses zimmer
wir müssen es tun,wir mögen es
tom hat durchhaltevermögen,tom hat probleme
ich bin wirklich verrückt,ich bin sehr sehr
ich vermisse meine katze,ich brauche meine katze
ich koche gerade,ich arbeite gerade
er weiß das nicht,er kann das nicht
was sind diese,was ist ist
mir ist sehr kalt,ich ist sehr kalt
tom war zu hause,tom war zu hause
das abendessen ist fertig,das ist ist fertig
ist das jetzt in ordnung,ist das jetzt okay
tom hat schlechte augen,tom hat keinen gegessen
tom fühlt sich geschmeichelt,tom hat sich
mir tut alles weh,ich habe es wie wie
ich erlaubte der katze hereinzukommen,ich ließ sie an
ich bin jetzt stärker,ich bin jetzt tot
das gehört ihr,das ist das
ich schnarche,ich habe
du bist verschwitzt,du bist frei
niemand wusste das,niemand wusste das
ist tom noch immer böse,ist tom zu zu hause
wie erbärmlich,wie berührend
stoppen sie dieses auto,bring nein auto
bist du schmutzig,du bist so nett
tom wird warten,tom wird warten
ich versuche es immer,ich verstehe es noch
ich habe ihnen vertraut,ich vertraute sie
er ist hellwach,er ist hellwach
tom ist zurückhaltend,tom ist grotesk
tom ist gerade gegangen,tom ist gerade gegangen
immer lächeln,schnurren tiger
was hast du für ein problem,was bist ist
das hier gehört dir nicht,das ist das für
lieg still und beweg dich nicht,halt nicht
tom hat schlafstörungen,tom hat probleme
ist das nötig,ist das neu
ich bin mir nicht sicher,ich bin mir sicher sicher
ich stehe einfach nur unter schock,ich bin sehr fisch
tom ist weißer,tom ist weiß
ich komme auch,ich kann allein
es wurde ein grab ausgehoben,sie scheinen eine pause
"geh arbeiten, tom",geh mit tom
tom hat mich gezwickt,tom hat mich
es ist notwendig,es ist neu
tom hat es gut gemeint,tom geht es gut
ich kenne die wahrheit,ich kenne die die
ich bin gefangen,ich bin etwas dösen
ich möchte etwas zu essen,ich will in der
tom sieht verrückt aus,tom sieht verrückt aus
"ja, ich weiß es",darf ich das
der fernseher ist kaputt,der augen ist
tom ist nicht vom fach,tom ist kein koch
bist du auf,bist du
gib es ihm,gib es ihm
tom kocht,tom kocht
ich bin nicht okay,ich bin mir nicht sicher
er trug keinen hut,er hatte drei erkältet
wer wird erfolg haben,es war erfolgreich
tom rief zu hause an,tom fühlte sich hause
tom raucht,tom tom
ist tom gefährlich,ist ist blöd
einen guten tag noch,halt meine meine zu
ist tom krank,ist tom krank
tom kann nicht gewinnen,tom kann nicht gewinnen
hunde bellen,sie sind hart
hüte deine zunge,nimm dir die zehen
tom ist still,tom ist schwach
seid ihr von der polizei,bist du von der
das weiß nur tom,nimm tom tom nicht
lass deine waffe fallen,gib den etwas
ich höre,ich lüge zu
"wie geht's, wie steht's",das ist das in
ich will geld,ich will geld
jetzt hasse ich tom,ich glaube tom zu
wie war der tanz,wie war das sein
ich vermisse meine familie,ich will meine familie familie
das ist so cool,das ist so einfach
er hat mir zugestimmt,er ist mir dem mir
singt tom,lügt tom
er ist ein faulpelz,er ist eine komödiant
er wird wiederkommen,er wird geschehen
mein auto ist rot,mein puls ist rot
sag es nicht meiner mutter,mach mir nicht nicht
tom hat dich geliebt,tom vertraute dich
ich muss jetzt gehen,ich muss jetzt hilfe
versuch mich zu fangen,ruf mich mir
ich kann es sehen,ich kann es lesen
ist heute zahltag,ist das windig
wir werden einziehen,wir werden uns beeilen
tom ist kindisch,tom ist zudringlich
lassen wir einen drachen steigen,lasst uns einen dem an
schließe die augen,mach deine deine
tom war anwalt,tom hatte anwalt
hör auf zu weinen,hör auf zu
jeder hat es gesehen,jeder hat es
wo ist papa,wo ist mein vater
du würdest tom mögen,du würdest tom lieben
tom ist schrecklich,tom ist furchtbar
ich begann mit dem buch,ich fing mir zu zu
sie waren krank,sie waren krank
das ist nicht meines,das ist mir mir
das ist so,das ist wahr
ich muss es versuchen,ich werde es versuchen
ich bin mir ziemlich sicher,ich bin mir sehr sicher
sieht das schlimm aus,sieht es aus
möchten sie hier essen,ist das hier hier
ist tom in der nähe,ist tom in in
tom weiß so manches,tom kennt auch
du bist toll,du bist großartig
ich war wütend,ich war hungrig
ich lese viel,ich esse viel
ich ging allein,ich ging allein
ich bin krank,ich bin zu krank
tom steht nicht unter drogeneinfluss,tom ist nicht geizig
unsere blicke trafen sich,alle auf tom getroffen
er ist gerade heimgekommen,er ist zu zu hause hause
wir kämpfen,wir sind
ich habe wieder geheiratet,ich habe nach geheiratet
ich fing an zu schwitzen,ich fing an zu schwitzen
kenne ich tom,kenne ich tom
tom war alarmiert,tom war schlau
das ist ein großer schritt,das ist ein traumjob
tom war beängstigend,tom war verängstigt
alle hoffnung ist verloren,wer sind ist
ich arbeite gerne,ich mag gerne
der himmel war blau,die katze ist blau
sie hatten glück,sie gehabt glück
sie ärgerte ihn,sie hat ihn eingestellt
tom kam allein,tom lebte allein
er hat kleine füße,er hat eine wahl
das ist unmoralisch,es ist unmoralisch
tom raucht,tom ist
es ist dein geld,das ist das geld
das ist hart,es ist verrückt
"bist du sicher, tom",bist du dir nicht zu zu
wir mochten tom,wir wollen tom
tom hat große füße,tom hat eine waffe dachschaden
bist du tapfer,bist du grausam
ich bin nicht zuhause,ich bin nicht zuhause hause
das ist der punkt,das ist es
da ist doch was faul,das ist
mach den tisch frei,die mann ein
mir geht es einigermaßen gut,es geht mir gut
ich werde viel beten,ich werde früher aufgestanden
tom kann gewinnen,tom könnte gewinnen
er sahnt ab,er ist es brunnen
tom ist kein held,tom ist kein held
das schmeckt gut,das ist nicht gut
tom ist schauspieler,tom ist pianist
wie gewagt,wie wird
haben sie dich rausgeworfen,haben sie dich
bring tom herein,lass tom nach
ich ruhe mich jetzt aus,ich fühle mich zu
ich bin arbeitslos,ich bin keine verliebt
ich werde mich beeilen,ich werde mich
ich hab's umsonst bekommen,ich habe es
ich hasse den winter,ich hasse insekten
ich werde nicht wiederkommen,ich werde nicht lesen
siehst du fern,magst du schnell
wer hat das sagen,wer ist
tom riecht schlecht,tom ging schlecht
ich habe sie wieder gesehen,ich habe sie wiedergesehen gesehen
tom ist sehr langsam,tom ist eine diät
wir haben pläne,wir haben glück
tom zögerte,tom war
was ist das alles,was ist das das
ich habe ferien,ich studiere fleisch
du wirst es mögen,du wirst es tun
betrüge ihn nicht,vertraue sie nicht
"hör mir zu, okay",hör mir zu zu
niemand hat mich gesehen,niemand hat mich gesagt
sie hilft mir,sie hilft mich
"das ist, was ich tue",wo ist das ich
er ist gärtner,er ist eine komödiant
deine zeit ist um,mach die die die auf
hör mal kurz zu,ein ein foto
es ist okay zu gehen,es kann es jetzt zu zu
zieh eine beliebige karte,nimm eine karte
tom kommt,tom wird kommen
was sind diese dinge,was bist du
du siehst älter aus,du siehst scharf aus
fasse dich kurz,die verwirrt
lass uns den bus nehmen,lasst uns mit dem dem
tom war trotzig,tom war treulos
ich will rache,ich will popcorn
das ist ziemlich cool,es ist ein fluch
ich habe die tür abgeschlossen,ich habe die die
tom hustet,tom ist
wer ist deine tante,wer ist meine feind
er ist momentan nicht hier,er ist jetzt nicht jetzt
ich bin sehr unglücklich,ich bin sehr unglücklich
sie sind leer,sie sind klein
tom könnte etwas dagegen haben,tom hat das gemalt
tom scheint sich zu langweilen,tom scheint gelangweilt zu sein
wie heiß ist es,wie ist es es
tom sah eine maus,tom hat eine waffe
ich trinke nicht,ich habe nicht
ich bin bedient,ich will es
sie haben das hier gefunden,sie haben das gefunden
er lügt,er lügt
ich kenne die gegend,ich kenne den den haar
tom hat ausgesorgt,tom hat es getan
ich weiß von tom,ich weiß tom tom
ich werde es versuchen,ich werde es versuchen
tom kann nicht zählen,tom kann nicht fahren
tom mag comics,tom mag ponys
lasst uns drachen steigen lassen,lasst uns sushi
tom will das,tom will das
vorsicht,sei realistisch
hab keine angst,gehorch es nichts nicht zu
tom hat mich zuerst geschlagen,tom hat mich auf erschossen
tom kam zu spät,tom kam zu zu
hatte tom recht,hat tom recht
ich verstehe dich,ich verstehe dich
sind getränke kostenlos,alle alle kinder
tom hat das gebracht,tom hat das
das ist sehr cool,das ist sehr stark
ich liebe meinen ipod,ich liebe meine wort
es ist nicht kaputt,es ist nicht wahr
tom sieht beschäftigt aus,tom sieht glücklich aus
kann ich mir das leisten,kann ich das lesen
ist heute freitag,ist das neblig
ist es da warm,ist es dort da
"okay, wünsch mir glück",was was ich ich
ist das wahr,ist das wahr
wir sind nichtraucher,wir sind verwandte
ich habe dich sehr gern,ich mag den den
tom kann antworten,tom kann kommen
es ist ziemlich groß,es ist sehr groß
ich kenne diesen blick,ich kenne ich
genug ist genug,seid großzügig
entspann dich,bleib leise
tom wurde aufgebracht,tom wurde verärgert
das geschieht dir recht,das geschieht das kaputtgemacht
ich habe heute frei,ich bin heute darin
ich bin bescheiden,ich bin hässlich
tom kommt vielleicht,vielleicht ist kommen
war das ein ja,ist das ein
tom ist süß,tom ist betrunken
hast du recht,hast du recht
bist du der bürgermeister,bist du schon der
bist du zu hause,bist du zu hause
tom ist künstlerisch,tom ist besorgt besorgt
ist tom verrückt,ist tom verrückt
hör zu,hör auf auf
ich bin wieder da,ich bin zurück
sie ist eine schnelle läuferin,sie redet schnell
ich werde dir nichts tun,ich werde es nicht nicht
ich langweile mich auf feiern,versuch's mir
ich weiß es selbst,ich weiß dass das
"guten morgen, tom",ignorier tom
er hat kopfschmerzen,er hat schmerzen
tom schien beschäftigt zu sein,tom schien zu zu sein
ich mag den frühling,ich mag gerne
ich liebe meinen hund,ich liebe mein hund
welche gehören tom,wem ist tom
ein bier bitte,bleib mir mir
das ist unser zug,das ist es essen
ich tanze nicht,ich weine nicht
wir sind jetzt allein,wir sind allein allein
ich kann gut tanzen,ich kann gut lesen
tom weinte nicht,tom hat nicht gelacht
tom ist gefühllos,tom ist gesprächig
tom ist selbstmordgefährdet,tom ist zudringlich
tom verließ die stadt,tom ging im ausland
ich habe mich erholt,ich habe mich
tom hat talent,tom hat probleme
ich sollte schon klarkommen,ich wird mich irren
bist du auch neu,sind sie zu glücklich
tom ist ein sportler,tom ist eine rapper
das ist für dich,das ist für
ich bin kein bauer,ich bin kein roboter
er ist sehr groß,er ist sehr groß
wir werden kämpfen,wir werden kämpfen
tom sprach selten,tom schreibt gedichte
ich habe es nicht gehört,ich habe es nicht bezahlt
tom ist mein cousin,tom ist mein cousin
er schläft tief und fest,er lügt aus
ich rannte,ich rannte
das ist kaputt,das ist kaputt
gib ihm zeit,gib dir mir
du bist groß,du bist groß
mary ist schwanger,maria ist unwahrscheinlich
ich kann das nicht erklären,ich kann nicht nicht beweisen
das ist ein guter plan,das ist ein großer
tom wird heulen,tom wird weinen
setzen wir uns doch,genießen wir uns machen
tom liebt züge,tom liebt chili
bist du nervös,sind sind nervös
tom ist schwach,tom ist schwach
ich bin kommunistin,ich bin ein
wir werden es verstecken,wir werden es es
tom war am gewinnen,tom war es
tom ist ganz reizend,tom ist in reizend
tom hat den überblick verloren,tom hat mich
sie wollen das,sie wollen das
es geht mir gut,ich fühle mich gut
lasst uns mutig sein,lasst uns selten
ich beneide sie,ich beneide sie
das ist eine illusion,das ist eine beleidigung
tom war hinterhältig,tom war entspannt
er wurde eingesperrt,er war ertränkt
mach den mund auf,mach deine deine selber
sie küssten sich,sie haben erfolgreich
tom hat nichts gegessen,tom hat nichts
ich bin am boden zerstört,ich bin hausarrest tagträumen
tom machte kaffee,tom hat auf
so ist das leben,das ist das zu
"hey, das ist gut",hey das ist essen
wir haben viel getrunken,wir sind viel
er respektiert mich,er ignorierte mich
ist es nicht schwarz,ist es nicht schwarz
